grid_job_i,task.i,learner.i,resampling.i,task_id,learner_id,resampling_id,test.subset,train.subsets,groups,test.fold,seed,n.train.groups,iteration,Train_subsets,start.time,end.time,process,classif.acc
100,1,2,1,MNIST_EMNIST_rot,torch_linear,same_other_sizes_cv,MNIST,other,63000,10,1,63000,40,other,2026-03-03T12:50:45.568764Z,2026-03-03T14:16:36.209194Z,36,0.553131198639841
101,1,2,1,MNIST_EMNIST_rot,torch_linear,same_other_sizes_cv,EMNIST_rot,same,63000,1,1,63000,41,same,2026-03-03T12:50:45.580496Z,2026-03-03T14:14:09.445798Z,12,0.93965887917443
102,1,2,1,MNIST_EMNIST_rot,torch_linear,same_other_sizes_cv,MNIST,same,63000,1,1,63000,42,same,2026-03-03T12:50:45.816220Z,2026-03-03T14:26:06.976264Z,1,0.923591348890154
103,1,2,1,MNIST_EMNIST_rot,torch_linear,same_other_sizes_cv,EMNIST_rot,same,63000,2,1,63000,43,same,2026-03-03T15:21:53.581769Z,2026-03-03T17:10:28.564400Z,34,0.940983606557377
104,1,2,1,MNIST_EMNIST_rot,torch_linear,same_other_sizes_cv,MNIST,same,63000,2,1,63000,44,same,2026-03-03T12:50:45.911700Z,2026-03-03T14:27:43.856549Z,13,0.922735727571899
105,1,2,1,MNIST_EMNIST_rot,torch_linear,same_other_sizes_cv,EMNIST_rot,same,63000,3,1,63000,45,same,2026-03-03T15:21:53.581865Z,2026-03-03T17:31:24.437421Z,38,0.940131767401891
106,1,2,1,MNIST_EMNIST_rot,torch_linear,same_other_sizes_cv,MNIST,same,63000,3,1,63000,46,same,2026-03-03T15:21:53.581895Z,2026-03-03T17:10:49.969818Z,24,0.921959555682142
107,1,2,1,MNIST_EMNIST_rot,torch_linear,same_other_sizes_cv,EMNIST_rot,same,63000,4,1,63000,47,same,2026-03-03T12:50:46.076436Z,2026-03-03T14:19:46.488643Z,43,0.934327502150846
108,1,2,1,MNIST_EMNIST_rot,torch_linear,same_other_sizes_cv,MNIST,same,63000,4,1,63000,48,same,2026-03-03T12:50:46.076842Z,2026-03-03T14:20:46.609917Z,47,0.926568948342109
109,1,2,1,MNIST_EMNIST_rot,torch_linear,same_other_sizes_cv,EMNIST_rot,same,63000,5,1,63000,49,same,2026-03-03T12:50:46.136853Z,2026-03-03T14:23:57.221067Z,6,0.941225978398092
10,1,1,1,MNIST_EMNIST_rot,featureless,same_other_sizes_cv,MNIST,all,126000,5,1,126000,10,all,2026-03-03T12:50:22.285473Z,2026-03-03T12:50:40.849138Z,9,0.113957211468491
110,1,2,1,MNIST_EMNIST_rot,torch_linear,same_other_sizes_cv,MNIST,same,63000,5,1,63000,50,same,2026-03-03T15:21:53.581973Z,2026-03-03T16:56:30.756387Z,30,0.925192839470237
111,1,2,1,MNIST_EMNIST_rot,torch_linear,same_other_sizes_cv,EMNIST_rot,same,63000,6,1,63000,51,same,2026-03-03T15:21:53.582866Z,2026-03-03T19:37:02.438602Z,37,0.937607326846022
112,1,2,1,MNIST_EMNIST_rot,torch_linear,same_other_sizes_cv,MNIST,same,63000,6,1,63000,52,same,2026-03-03T15:21:53.582857Z,2026-03-03T20:10:44.742028Z,7,0.924404507202967
113,1,2,1,MNIST_EMNIST_rot,torch_linear,same_other_sizes_cv,EMNIST_rot,same,63000,7,1,63000,53,same,2026-03-03T15:21:53.582829Z,2026-03-03T20:39:26.384708Z,11,0.937934952421531
114,1,2,1,MNIST_EMNIST_rot,torch_linear,same_other_sizes_cv,MNIST,same,63000,7,1,63000,54,same,2026-03-03T15:21:53.583023Z,2026-03-03T16:54:27.706292Z,26,0.922524076469743
115,1,2,1,MNIST_EMNIST_rot,torch_linear,same_other_sizes_cv,EMNIST_rot,same,63000,8,1,63000,55,same,2026-03-03T15:21:53.583074Z,2026-03-03T18:25:23.125747Z,28,0.938558713752512
116,1,2,1,MNIST_EMNIST_rot,torch_linear,same_other_sizes_cv,MNIST,same,63000,8,1,63000,56,same,2026-03-03T15:21:53.585201Z,2026-03-03T18:58:47.344296Z,31,0.926041814820083
117,1,2,1,MNIST_EMNIST_rot,torch_linear,same_other_sizes_cv,EMNIST_rot,same,63000,9,1,63000,57,same,2026-03-03T15:21:53.585251Z,2026-03-03T17:39:40.623754Z,25,0.929899856938484
118,1,2,1,MNIST_EMNIST_rot,torch_linear,same_other_sizes_cv,MNIST,same,63000,9,1,63000,58,same,2026-03-03T15:21:53.585464Z,2026-03-03T17:15:29.217897Z,27,0.918783899514702
119,1,2,1,MNIST_EMNIST_rot,torch_linear,same_other_sizes_cv,EMNIST_rot,same,63000,10,1,63000,59,same,2026-03-03T15:21:53.585350Z,2026-03-03T19:01:17.184930Z,29,0.936725281060824
11,1,1,1,MNIST_EMNIST_rot,featureless,same_other_sizes_cv,EMNIST_rot,all,126000,6,1,126000,11,all,2026-03-03T12:50:22.285250Z,2026-03-03T12:50:39.964849Z,35,0.10231825987407
120,1,2,1,MNIST_EMNIST_rot,torch_linear,same_other_sizes_cv,MNIST,same,63000,10,1,63000,60,same,2026-03-03T15:21:53.585528Z,2026-03-03T17:16:07.408516Z,23,0.924482856333239
121,1,3,1,MNIST_EMNIST_rot,cv_glmnet,same_other_sizes_cv,EMNIST_rot,all,126000,1,1,126000,1,all,2026-03-08T13:05:36.756795Z,2026-03-09T10:59:21.897047Z,9,0.889207395728823
122,1,3,1,MNIST_EMNIST_rot,cv_glmnet,same_other_sizes_cv,MNIST,all,126000,1,1,126000,2,all,2026-03-08T13:05:36.757728Z,2026-03-09T03:07:55.299623Z,18,0.881474103585657
123,1,3,1,MNIST_EMNIST_rot,cv_glmnet,same_other_sizes_cv,EMNIST_rot,all,126000,2,1,126000,3,all,2026-03-07T13:28:24.648321Z,2026-03-08T02:38:39.786229Z,2,0.895367070563079
124,1,3,1,MNIST_EMNIST_rot,cv_glmnet,same_other_sizes_cv,MNIST,all,126000,2,1,126000,4,all,2026-03-07T13:28:24.648373Z,2026-03-08T10:21:45.009160Z,30,0.88610673916154
125,1,3,1,MNIST_EMNIST_rot,cv_glmnet,same_other_sizes_cv,EMNIST_rot,all,126000,3,1,126000,5,all,2026-03-12T01:34:38.732347Z,2026-03-13T18:03:55.692594Z,4,0.880693211114294
126,1,3,1,MNIST_EMNIST_rot,cv_glmnet,same_other_sizes_cv,MNIST,all,126000,3,1,126000,6,all,2026-03-12T01:34:38.732441Z,2026-03-13T14:25:22.673111Z,3,0.877954998575904
127,1,3,1,MNIST_EMNIST_rot,cv_glmnet,same_other_sizes_cv,EMNIST_rot,all,126000,4,1,126000,7,all,2026-03-12T01:34:38.732441Z,2026-03-13T14:58:26.268220Z,1,0.883137367364497
128,1,3,1,MNIST_EMNIST_rot,cv_glmnet,same_other_sizes_cv,MNIST,all,126000,4,1,126000,8,all,2026-03-08T13:05:36.757497Z,2026-03-09T07:56:25.803326Z,25,0.881884161092927
129,1,3,1,MNIST_EMNIST_rot,cv_glmnet,same_other_sizes_cv,EMNIST_rot,all,126000,5,1,126000,9,all,2026-03-08T13:05:36.757696Z,2026-03-11T10:59:06.406947Z,3,0.882872773179969
12,1,1,1,MNIST_EMNIST_rot,featureless,same_other_sizes_cv,MNIST,all,126000,6,1,126000,12,all,2026-03-03T12:50:22.285335Z,2026-03-03T12:50:39.758496Z,49,0.110255313079447
130,1,3,1,MNIST_EMNIST_rot,cv_glmnet,same_other_sizes_cv,MNIST,all,126000,5,1,126000,10,all,2026-03-08T13:05:36.757708Z,2026-03-09T10:54:37.673493Z,10,0.879493523504585
131,1,3,1,MNIST_EMNIST_rot,cv_glmnet,same_other_sizes_cv,EMNIST_rot,all,126000,6,1,126000,11,all,2026-03-12T01:34:38.732910Z,2026-03-13T16:16:16.127486Z,2,0.882226674298798
132,1,3,1,MNIST_EMNIST_rot,cv_glmnet,same_other_sizes_cv,MNIST,all,126000,6,1,126000,12,all,2026-03-08T13:05:36.757758Z,2026-03-11T12:10:09.662470Z,4,0.874340322350592
133,1,3,1,MNIST_EMNIST_rot,cv_glmnet,same_other_sizes_cv,EMNIST_rot,all,126000,7,1,126000,13,all,2026-03-08T13:05:36.757981Z,2026-03-09T09:46:40.937360Z,1,0.887658003124556
134,1,3,1,MNIST_EMNIST_rot,cv_glmnet,same_other_sizes_cv,MNIST,all,126000,7,1,126000,14,all,2026-03-08T13:05:36.757807Z,2026-03-11T11:10:58.447754Z,2,0.879689521345408
135,1,3,1,MNIST_EMNIST_rot,cv_glmnet,same_other_sizes_cv,EMNIST_rot,all,126000,8,1,126000,15,all,2026-03-08T13:05:36.757567Z,2026-03-09T03:26:01.851299Z,26,0.882285386161355
136,1,3,1,MNIST_EMNIST_rot,cv_glmnet,same_other_sizes_cv,MNIST,all,126000,8,1,126000,16,all,2026-03-08T13:05:36.757502Z,2026-03-09T02:56:07.366097Z,27,0.885791494808704
137,1,3,1,MNIST_EMNIST_rot,cv_glmnet,same_other_sizes_cv,EMNIST_rot,all,126000,9,1,126000,17,all,2026-03-08T13:05:36.757674Z,2026-03-09T13:48:22.245522Z,16,0.879828326180258
138,1,3,1,MNIST_EMNIST_rot,cv_glmnet,same_other_sizes_cv,MNIST,all,126000,9,1,126000,18,all,2026-03-08T13:05:36.757791Z,2026-03-09T11:23:06.698086Z,45,0.877105338281473
139,1,3,1,MNIST_EMNIST_rot,cv_glmnet,same_other_sizes_cv,EMNIST_rot,all,126000,10,1,126000,19,all,2026-03-08T13:05:36.757677Z,2026-03-09T00:33:03.530146Z,37,0.886999135197463
13,1,1,1,MNIST_EMNIST_rot,featureless,same_other_sizes_cv,EMNIST_rot,all,126000,7,1,126000,13,all,2026-03-03T12:50:22.285463Z,2026-03-03T12:50:39.470423Z,2,0.101832126118449
140,1,3,1,MNIST_EMNIST_rot,cv_glmnet,same_other_sizes_cv,MNIST,all,126000,10,1,126000,20,all,2026-03-08T13:05:36.757791Z,2026-03-09T08:05:01.313628Z,47,0.87829413431567
141,1,3,1,MNIST_EMNIST_rot,cv_glmnet,same_other_sizes_cv,EMNIST_rot,other,63000,1,1,63000,21,other,2026-03-07T13:28:24.675443Z,2026-03-08T00:42:13.411297Z,4,0.525154077683818
142,1,3,1,MNIST_EMNIST_rot,cv_glmnet,same_other_sizes_cv,MNIST,other,63000,1,1,63000,22,other,2026-03-03T17:39:40.658311Z,2026-03-03T21:31:06.719149Z,25,0.543966989186113
143,1,3,1,MNIST_EMNIST_rot,cv_glmnet,same_other_sizes_cv,EMNIST_rot,other,63000,2,1,63000,23,other,2026-03-03T17:48:55.008329Z,2026-03-03T21:10:00.469648Z,2,0.556094084105488
144,1,3,1,MNIST_EMNIST_rot,cv_glmnet,same_other_sizes_cv,MNIST,other,63000,2,1,63000,24,other,2026-03-03T17:57:24.005440Z,2026-03-03T21:16:43.228441Z,3,0.542280726856489
145,1,3,1,MNIST_EMNIST_rot,cv_glmnet,same_other_sizes_cv,EMNIST_rot,other,63000,3,1,63000,25,other,2026-03-07T13:28:24.675310Z,2026-03-08T06:57:14.656638Z,20,0.550558579203667
146,1,3,1,MNIST_EMNIST_rot,cv_glmnet,same_other_sizes_cv,MNIST,other,63000,3,1,63000,26,other,2026-03-03T18:11:57.270298Z,2026-03-03T20:20:28.931093Z,1,0.555112503560239
147,1,3,1,MNIST_EMNIST_rot,cv_glmnet,same_other_sizes_cv,EMNIST_rot,other,63000,4,1,63000,27,other,2026-03-07T13:28:24.675324Z,2026-03-08T04:06:51.177998Z,28,0.545597935187841
148,1,3,1,MNIST_EMNIST_rot,cv_glmnet,same_other_sizes_cv,MNIST,other,63000,4,1,63000,28,other,2026-03-03T18:25:23.150098Z,2026-03-03T23:03:10.999076Z,28,0.541767468336417
149,1,3,1,MNIST_EMNIST_rot,cv_glmnet,same_other_sizes_cv,EMNIST_rot,other,63000,5,1,63000,29,other,2026-03-07T13:28:24.675435Z,2026-03-07T23:21:49.469475Z,33,0.552251367653247
14,1,1,1,MNIST_EMNIST_rot,featureless,same_other_sizes_cv,MNIST,all,126000,7,1,126000,14,all,2026-03-03T12:50:22.285824Z,2026-03-03T12:50:40.785206Z,24,0.110823630875377
150,1,3,1,MNIST_EMNIST_rot,cv_glmnet,same_other_sizes_cv,MNIST,other,63000,5,1,63000,30,other,2026-03-03T18:55:05.627128Z,2026-03-03T23:06:51.640517Z,35,0.548100713142192
151,1,3,1,MNIST_EMNIST_rot,cv_glmnet,same_other_sizes_cv,EMNIST_rot,other,63000,6,1,63000,31,other,2026-03-07T13:28:24.675460Z,2026-03-07T23:18:26.667810Z,27,0.559244419004007
152,1,3,1,MNIST_EMNIST_rot,cv_glmnet,same_other_sizes_cv,MNIST,other,63000,6,1,63000,32,other,2026-03-07T13:28:24.675457Z,2026-03-07T20:23:09.205467Z,11,0.548423905291685
153,1,3,1,MNIST_EMNIST_rot,cv_glmnet,same_other_sizes_cv,EMNIST_rot,other,63000,7,1,63000,33,other,2026-03-07T13:28:24.675464Z,2026-03-08T05:53:10.507742Z,22,0.544951001278228
154,1,3,1,MNIST_EMNIST_rot,cv_glmnet,same_other_sizes_cv,MNIST,other,63000,7,1,63000,34,other,2026-03-07T13:28:24.675541Z,2026-03-08T02:11:17.797828Z,41,0.550668391548081
155,1,3,1,MNIST_EMNIST_rot,cv_glmnet,same_other_sizes_cv,EMNIST_rot,other,63000,8,1,63000,35,other,2026-03-07T13:28:24.675519Z,2026-03-07T23:11:49.286888Z,43,0.553689348262992
156,1,3,1,MNIST_EMNIST_rot,cv_glmnet,same_other_sizes_cv,MNIST,other,63000,8,1,63000,36,other,2026-03-03T20:39:26.532232Z,2026-03-03T22:35:08.792375Z,11,0.551415161427962
157,1,3,1,MNIST_EMNIST_rot,cv_glmnet,same_other_sizes_cv,EMNIST_rot,other,63000,9,1,63000,37,other,2026-03-07T13:28:24.675972Z,2026-03-07T22:54:13.413590Z,46,0.556938483547926
158,1,3,1,MNIST_EMNIST_rot,cv_glmnet,same_other_sizes_cv,MNIST,other,63000,9,1,63000,38,other,2026-03-07T13:28:24.675972Z,2026-03-07T19:42:18.921481Z,48,0.542534970025692
159,1,3,1,MNIST_EMNIST_rot,cv_glmnet,same_other_sizes_cv,EMNIST_rot,other,63000,10,1,63000,39,other,2026-03-07T13:28:24.675972Z,2026-03-07T21:06:05.488708Z,44,0.551599884692995
15,1,1,1,MNIST_EMNIST_rot,featureless,same_other_sizes_cv,EMNIST_rot,all,126000,8,1,126000,15,all,2026-03-03T12:50:22.285824Z,2026-03-03T12:50:40.858630Z,42,0.0963250071777204
160,1,3,1,MNIST_EMNIST_rot,cv_glmnet,same_other_sizes_cv,MNIST,other,63000,10,1,63000,40,other,2026-03-07T13:28:24.675992Z,2026-03-07T15:24:00.439414Z,42,0.53697931425333
161,1,3,1,MNIST_EMNIST_rot,cv_glmnet,same_other_sizes_cv,EMNIST_rot,same,63000,1,1,63000,41,same,2026-03-05T02:50:23.237481Z,2026-03-05T04:00:44.695185Z,42,0.941092159954135
162,1,3,1,MNIST_EMNIST_rot,cv_glmnet,same_other_sizes_cv,MNIST,same,63000,1,1,63000,42,same,2026-03-07T13:28:24.675792Z,2026-03-07T22:05:19.899915Z,39,0.920318725099601
163,1,3,1,MNIST_EMNIST_rot,cv_glmnet,same_other_sizes_cv,EMNIST_rot,same,63000,2,1,63000,43,same,2026-03-07T13:28:24.675865Z,2026-03-07T15:54:14.364111Z,40,0.938417676407698
164,1,3,1,MNIST_EMNIST_rot,cv_glmnet,same_other_sizes_cv,MNIST,same,63000,2,1,63000,44,same,2026-03-07T15:24:00.506354Z,2026-03-07T19:16:41.862718Z,42,0.913292316497353
165,1,3,1,MNIST_EMNIST_rot,cv_glmnet,same_other_sizes_cv,EMNIST_rot,same,63000,3,1,63000,45,same,2026-03-07T15:54:14.424112Z,2026-03-07T19:19:19.148854Z,40,0.936980807791464
166,1,3,1,MNIST_EMNIST_rot,cv_glmnet,same_other_sizes_cv,MNIST,same,63000,3,1,63000,46,same,2026-03-07T19:16:41.899898Z,2026-03-08T05:12:38.950315Z,42,0.912845343207064
167,1,3,1,MNIST_EMNIST_rot,cv_glmnet,same_other_sizes_cv,EMNIST_rot,same,63000,4,1,63000,47,same,2026-03-07T19:19:19.159306Z,2026-03-07T22:06:25.701723Z,40,0.935761399483797
168,1,3,1,MNIST_EMNIST_rot,cv_glmnet,same_other_sizes_cv,MNIST,same,63000,4,1,63000,48,same,2026-03-07T19:42:18.968287Z,2026-03-08T06:19:27.245742Z,48,0.918172762202932
169,1,3,1,MNIST_EMNIST_rot,cv_glmnet,same_other_sizes_cv,EMNIST_rot,same,63000,5,1,63000,49,same,2026-03-07T20:23:09.273148Z,2026-03-08T05:09:10.118358Z,11,0.940244073502595
16,1,1,1,MNIST_EMNIST_rot,featureless,same_other_sizes_cv,MNIST,all,126000,8,1,126000,16,all,2026-03-03T12:50:22.285520Z,2026-03-03T12:50:40.010086Z,31,0.116057459820794
170,1,3,1,MNIST_EMNIST_rot,cv_glmnet,same_other_sizes_cv,MNIST,same,63000,5,1,63000,50,same,2026-03-07T21:06:05.532214Z,2026-03-08T06:44:03.711624Z,44,0.915878329209722
171,1,3,1,MNIST_EMNIST_rot,cv_glmnet,same_other_sizes_cv,EMNIST_rot,same,63000,6,1,63000,51,same,2026-03-07T22:05:19.939353Z,2026-03-08T01:35:21.231520Z,39,0.931883228391528
172,1,3,1,MNIST_EMNIST_rot,cv_glmnet,same_other_sizes_cv,MNIST,same,63000,6,1,63000,52,same,2026-03-07T22:06:25.707711Z,2026-03-08T02:31:11.472863Z,40,0.914134930822993
173,1,3,1,MNIST_EMNIST_rot,cv_glmnet,same_other_sizes_cv,EMNIST_rot,same,63000,7,1,63000,53,same,2026-03-08T13:05:36.758221Z,2026-03-08T20:18:48.182626Z,33,0.911802300809544
174,1,3,1,MNIST_EMNIST_rot,cv_glmnet,same_other_sizes_cv,MNIST,same,63000,7,1,63000,54,same,2026-03-07T22:54:13.469537Z,2026-03-08T08:17:11.552713Z,46,0.912606008336927
175,1,3,1,MNIST_EMNIST_rot,cv_glmnet,same_other_sizes_cv,EMNIST_rot,same,63000,8,1,63000,55,same,2026-03-07T23:11:49.299243Z,2026-03-08T01:32:52.872694Z,43,0.938702268159633
176,1,3,1,MNIST_EMNIST_rot,cv_glmnet,same_other_sizes_cv,MNIST,same,63000,8,1,63000,56,same,2026-03-07T23:18:26.723224Z,2026-03-08T10:50:03.746150Z,27,0.919641587256436
177,1,3,1,MNIST_EMNIST_rot,cv_glmnet,same_other_sizes_cv,EMNIST_rot,same,63000,9,1,63000,57,same,2026-03-07T23:21:49.483239Z,2026-03-08T04:51:20.206488Z,33,0.934763948497854
178,1,3,1,MNIST_EMNIST_rot,cv_glmnet,same_other_sizes_cv,MNIST,same,63000,9,1,63000,58,same,2026-03-08T00:23:19.557009Z,2026-03-08T11:30:46.439547Z,36,0.914787325149872
179,1,3,1,MNIST_EMNIST_rot,cv_glmnet,same_other_sizes_cv,EMNIST_rot,same,63000,10,1,63000,59,same,2026-03-08T00:42:13.439677Z,2026-03-08T02:56:53.537959Z,4,0.936437013548573
17,1,1,1,MNIST_EMNIST_rot,featureless,same_other_sizes_cv,EMNIST_rot,all,126000,9,1,126000,17,all,2026-03-03T12:50:22.286104Z,2026-03-03T12:50:40.565357Z,28,0.100858369098712
180,1,3,1,MNIST_EMNIST_rot,cv_glmnet,same_other_sizes_cv,MNIST,same,63000,10,1,63000,60,same,2026-03-08T01:24:06.272547Z,2026-03-08T10:42:04.274014Z,21,0.919240578067441
181,1,4,1,MNIST_EMNIST_rot,torch_dense_50,same_other_sizes_cv,EMNIST_rot,all,126000,1,1,126000,1,all,2026-03-08T01:32:52.889198Z,2026-03-08T12:37:07.804126Z,43,0.978644116382399
182,1,4,1,MNIST_EMNIST_rot,torch_dense_50,same_other_sizes_cv,MNIST,all,126000,1,1,126000,2,all,2026-03-08T01:35:21.242315Z,2026-03-08T05:21:20.671526Z,39,0.977518497438816
183,1,4,1,MNIST_EMNIST_rot,torch_dense_50,same_other_sizes_cv,EMNIST_rot,all,126000,2,1,126000,3,all,2026-03-08T13:05:36.758239Z,2026-03-08T17:23:37.791140Z,28,0.975908766928011
184,1,4,1,MNIST_EMNIST_rot,torch_dense_50,same_other_sizes_cv,MNIST,all,126000,2,1,126000,4,all,2026-03-08T13:05:36.758769Z,2026-03-08T16:24:22.497561Z,22,0.972099012734297
185,1,4,1,MNIST_EMNIST_rot,torch_dense_50,same_other_sizes_cv,EMNIST_rot,all,126000,3,1,126000,5,all,2026-03-08T13:05:36.758769Z,2026-03-08T16:18:24.010858Z,24,0.978802635348038
186,1,4,1,MNIST_EMNIST_rot,torch_dense_50,same_other_sizes_cv,MNIST,all,126000,3,1,126000,6,all,2026-03-08T02:11:17.818681Z,2026-03-08T05:34:52.903606Z,41,0.974366277413842
187,1,4,1,MNIST_EMNIST_rot,torch_dense_50,same_other_sizes_cv,EMNIST_rot,all,126000,4,1,126000,7,all,2026-03-08T02:31:11.491008Z,2026-03-08T06:01:52.193018Z,40,0.979065098938916
188,1,4,1,MNIST_EMNIST_rot,torch_dense_50,same_other_sizes_cv,MNIST,all,126000,4,1,126000,8,all,2026-03-08T02:37:07.514763Z,2026-03-08T10:05:35.540305Z,8,0.975238366301409
189,1,4,1,MNIST_EMNIST_rot,torch_dense_50,same_other_sizes_cv,EMNIST_rot,all,126000,5,1,126000,9,all,2026-03-08T02:38:39.824552Z,2026-03-08T08:59:26.666414Z,2,0.98148407911348
18,1,1,1,MNIST_EMNIST_rot,featureless,same_other_sizes_cv,MNIST,all,126000,9,1,126000,18,all,2026-03-03T12:50:22.285521Z,2026-03-03T12:50:39.498523Z,12,0.111618612617756
190,1,4,1,MNIST_EMNIST_rot,torch_dense_50,same_other_sizes_cv,MNIST,all,126000,5,1,126000,10,all,2026-03-08T02:48:32.625754Z,2026-03-08T09:25:49.900482Z,6,0.972493086886916
191,1,4,1,MNIST_EMNIST_rot,torch_dense_50,same_other_sizes_cv,EMNIST_rot,all,126000,6,1,126000,11,all,2026-03-08T02:56:53.556600Z,2026-03-08T09:32:05.234869Z,4,0.764882655981683
192,1,4,1,MNIST_EMNIST_rot,torch_dense_50,same_other_sizes_cv,MNIST,all,126000,6,1,126000,12,all,2026-03-08T03:15:53.087909Z,2026-03-08T10:30:16.396745Z,12,0.974896591071174
193,1,4,1,MNIST_EMNIST_rot,torch_dense_50,same_other_sizes_cv,EMNIST_rot,all,126000,7,1,126000,13,all,2026-03-08T03:27:21.183515Z,2026-03-08T10:18:38.550962Z,10,0.976707853998012
194,1,4,1,MNIST_EMNIST_rot,torch_dense_50,same_other_sizes_cv,MNIST,all,126000,7,1,126000,14,all,2026-03-08T13:05:36.758550Z,2026-03-08T16:29:07.789169Z,43,0.972401897369556
195,1,4,1,MNIST_EMNIST_rot,torch_dense_50,same_other_sizes_cv,EMNIST_rot,all,126000,8,1,126000,15,all,2026-03-08T13:05:36.759332Z,2026-03-08T17:33:25.035838Z,32,0.979328165374677
196,1,4,1,MNIST_EMNIST_rot,torch_dense_50,same_other_sizes_cv,MNIST,all,126000,8,1,126000,16,all,2026-03-08T13:05:36.758594Z,2026-03-08T16:49:15.913091Z,41,0.969705589532072
197,1,4,1,MNIST_EMNIST_rot,torch_dense_50,same_other_sizes_cv,EMNIST_rot,all,126000,9,1,126000,17,all,2026-03-08T13:05:36.758973Z,2026-03-08T18:28:22.405840Z,23,0.978826895565093
198,1,4,1,MNIST_EMNIST_rot,torch_dense_50,same_other_sizes_cv,MNIST,all,126000,9,1,126000,18,all,2026-03-08T05:12:38.986476Z,2026-03-08T10:10:52.943526Z,42,0.971167570653725
199,1,4,1,MNIST_EMNIST_rot,torch_dense_50,same_other_sizes_cv,EMNIST_rot,all,126000,10,1,126000,19,all,2026-03-08T13:05:36.758680Z,2026-03-08T16:31:27.334586Z,19,0.978812337849524
19,1,1,1,MNIST_EMNIST_rot,featureless,same_other_sizes_cv,EMNIST_rot,all,126000,10,1,126000,19,all,2026-03-03T12:50:22.285554Z,2026-03-03T12:50:40.010459Z,45,0.0985874891899683
1,1,1,1,MNIST_EMNIST_rot,featureless,same_other_sizes_cv,EMNIST_rot,all,126000,1,1,126000,1,all,2026-03-03T12:50:22.284957Z,2026-03-03T12:50:39.816839Z,6,0.101906263437007
200,1,4,1,MNIST_EMNIST_rot,torch_dense_50,same_other_sizes_cv,MNIST,all,126000,10,1,126000,20,all,2026-03-08T05:21:20.681718Z,2026-03-08T08:53:53.515863Z,39,0.974780391045622
201,1,4,1,MNIST_EMNIST_rot,torch_dense_50,same_other_sizes_cv,EMNIST_rot,other,63000,1,1,63000,21,other,2026-03-08T13:05:36.758323Z,2026-03-08T15:32:18.807250Z,12,0.708327361330085
202,1,4,1,MNIST_EMNIST_rot,torch_dense_50,same_other_sizes_cv,MNIST,other,63000,1,1,63000,22,other,2026-03-08T13:05:36.758986Z,2026-03-08T14:49:04.989874Z,46,0.755406943653956
203,1,4,1,MNIST_EMNIST_rot,torch_dense_50,same_other_sizes_cv,EMNIST_rot,other,63000,2,1,63000,23,other,2026-03-08T05:34:52.911639Z,2026-03-08T07:13:32.671808Z,41,0.718175338560228
204,1,4,1,MNIST_EMNIST_rot,torch_dense_50,same_other_sizes_cv,MNIST,other,63000,2,1,63000,24,other,2026-03-08T13:05:36.758957Z,2026-03-08T15:00:05.019059Z,48,0.733009014165117
205,1,4,1,MNIST_EMNIST_rot,torch_dense_50,same_other_sizes_cv,EMNIST_rot,other,63000,3,1,63000,25,other,2026-03-08T06:01:52.201587Z,2026-03-08T07:45:18.936973Z,40,0.743340017187053
206,1,4,1,MNIST_EMNIST_rot,torch_dense_50,same_other_sizes_cv,MNIST,other,63000,3,1,63000,26,other,2026-03-08T06:19:27.280602Z,2026-03-08T08:27:11.783183Z,48,0.765736257476502
207,1,4,1,MNIST_EMNIST_rot,torch_dense_50,same_other_sizes_cv,EMNIST_rot,other,63000,4,1,63000,27,other,2026-03-08T06:44:03.729915Z,2026-03-08T08:43:41.420364Z,44,0.737453398336679
208,1,4,1,MNIST_EMNIST_rot,torch_dense_50,same_other_sizes_cv,MNIST,other,63000,4,1,63000,28,other,2026-03-08T13:05:36.759023Z,2026-03-08T18:03:23.544018Z,11,0.781841468621033
209,1,4,1,MNIST_EMNIST_rot,torch_dense_50,same_other_sizes_cv,EMNIST_rot,other,63000,5,1,63000,29,other,2026-03-08T07:13:32.698364Z,2026-03-08T08:52:09.693340Z,41,0.695048393884135
20,1,1,1,MNIST_EMNIST_rot,featureless,same_other_sizes_cv,MNIST,all,126000,10,1,126000,20,all,2026-03-03T12:50:22.285566Z,2026-03-03T12:50:39.497727Z,36,0.113771606687447
210,1,4,1,MNIST_EMNIST_rot,torch_dense_50,same_other_sizes_cv,MNIST,other,63000,5,1,63000,30,other,2026-03-08T07:45:18.953359Z,2026-03-08T09:30:01.075359Z,40,0.754911948770194
211,1,4,1,MNIST_EMNIST_rot,torch_dense_50,same_other_sizes_cv,EMNIST_rot,other,63000,6,1,63000,31,other,2026-03-08T08:17:11.585932Z,2026-03-08T10:00:11.281704Z,46,0.739982827704637
212,1,4,1,MNIST_EMNIST_rot,torch_dense_50,same_other_sizes_cv,MNIST,other,63000,6,1,63000,32,other,2026-03-08T08:27:11.790325Z,2026-03-08T10:10:05.521315Z,48,0.797461132506062
213,1,4,1,MNIST_EMNIST_rot,torch_dense_50,same_other_sizes_cv,EMNIST_rot,other,63000,7,1,63000,33,other,2026-03-08T08:43:41.436367Z,2026-03-08T10:24:00.115133Z,44,0.728021587842636
214,1,4,1,MNIST_EMNIST_rot,torch_dense_50,same_other_sizes_cv,MNIST,other,63000,7,1,63000,34,other,2026-03-08T08:52:09.713113Z,2026-03-08T10:29:59.451447Z,41,0.769297110823631
215,1,4,1,MNIST_EMNIST_rot,torch_dense_50,same_other_sizes_cv,EMNIST_rot,other,63000,8,1,63000,35,other,2026-03-08T08:53:53.523009Z,2026-03-08T10:36:30.172732Z,39,0.710881424059719
216,1,4,1,MNIST_EMNIST_rot,torch_dense_50,same_other_sizes_cv,MNIST,other,63000,8,1,63000,36,other,2026-03-08T08:59:26.677296Z,2026-03-08T13:01:55.657721Z,2,0.800739581851799
217,1,4,1,MNIST_EMNIST_rot,torch_dense_50,same_other_sizes_cv,EMNIST_rot,other,63000,9,1,63000,37,other,2026-03-08T13:05:36.759394Z,2026-03-08T15:23:46.748152Z,40,0.719170243204578
218,1,4,1,MNIST_EMNIST_rot,torch_dense_50,same_other_sizes_cv,MNIST,other,63000,9,1,63000,38,other,2026-03-08T09:30:01.082676Z,2026-03-08T11:12:14.051522Z,40,0.777190979160719
219,1,4,1,MNIST_EMNIST_rot,torch_dense_50,same_other_sizes_cv,EMNIST_rot,other,63000,10,1,63000,39,other,2026-03-08T13:05:36.759266Z,2026-03-08T14:52:38.561743Z,31,0.723839723263188
21,1,1,1,MNIST_EMNIST_rot,featureless,same_other_sizes_cv,EMNIST_rot,other,63000,1,1,63000,21,other,2026-03-03T12:50:22.285667Z,2026-03-03T12:50:40.040021Z,48,0.101906263437007
220,1,4,1,MNIST_EMNIST_rot,torch_dense_50,same_other_sizes_cv,MNIST,other,63000,10,1,63000,40,other,2026-03-08T10:00:11.313600Z,2026-03-08T11:43:12.896979Z,46,0.762113913289884
221,1,4,1,MNIST_EMNIST_rot,torch_dense_50,same_other_sizes_cv,EMNIST_rot,same,63000,1,1,63000,41,same,2026-03-08T13:05:36.759456Z,2026-03-08T15:09:34.875393Z,44,0.980077397162104
222,1,4,1,MNIST_EMNIST_rot,torch_dense_50,same_other_sizes_cv,MNIST,same,63000,1,1,63000,42,same,2026-03-08T10:10:05.527816Z,2026-03-08T11:48:30.801887Z,48,0.975953329538987
223,1,4,1,MNIST_EMNIST_rot,torch_dense_50,same_other_sizes_cv,EMNIST_rot,same,63000,2,1,63000,43,same,2026-03-08T10:10:52.949481Z,2026-03-08T11:48:59.947049Z,42,0.976193870277976
224,1,4,1,MNIST_EMNIST_rot,torch_dense_50,same_other_sizes_cv,MNIST,same,63000,2,1,63000,44,same,2026-03-08T13:05:36.759456Z,2026-03-08T15:05:34.127515Z,42,0.971526684790385
225,1,4,1,MNIST_EMNIST_rot,torch_dense_50,same_other_sizes_cv,EMNIST_rot,same,63000,3,1,63000,45,same,2026-03-08T13:05:36.759402Z,2026-03-08T15:25:34.381793Z,29,0.978802635348038
226,1,4,1,MNIST_EMNIST_rot,torch_dense_50,same_other_sizes_cv,MNIST,same,63000,3,1,63000,46,same,2026-03-08T10:24:00.123162Z,2026-03-08T11:57:36.241919Z,44,0.973511819994304
227,1,4,1,MNIST_EMNIST_rot,torch_dense_50,same_other_sizes_cv,EMNIST_rot,same,63000,4,1,63000,47,same,2026-03-08T10:29:59.460316Z,2026-03-08T12:12:52.976114Z,41,0.974620017206768
228,1,4,1,MNIST_EMNIST_rot,torch_dense_50,same_other_sizes_cv,MNIST,same,63000,4,1,63000,48,same,2026-03-08T13:05:36.759511Z,2026-03-08T15:34:30.676995Z,34,0.973957592144585
229,1,4,1,MNIST_EMNIST_rot,torch_dense_50,same_other_sizes_cv,EMNIST_rot,same,63000,5,1,63000,49,same,2026-03-08T10:36:30.179310Z,2026-03-08T12:19:01.371294Z,39,0.978818908682845
22,1,1,1,MNIST_EMNIST_rot,featureless,same_other_sizes_cv,MNIST,other,63000,1,1,63000,22,other,2026-03-03T12:50:22.285704Z,2026-03-03T12:50:40.144557Z,34,0.101451337507114
230,1,4,1,MNIST_EMNIST_rot,torch_dense_50,same_other_sizes_cv,MNIST,same,63000,5,1,63000,50,same,2026-03-08T13:05:36.759495Z,2026-03-08T14:53:33.764284Z,17,0.974676175229224
231,1,4,1,MNIST_EMNIST_rot,torch_dense_50,same_other_sizes_cv,EMNIST_rot,same,63000,6,1,63000,51,same,2026-03-08T13:05:36.759555Z,2026-03-08T15:43:48.723837Z,36,0.977389811104751
232,1,4,1,MNIST_EMNIST_rot,torch_dense_50,same_other_sizes_cv,MNIST,same,63000,6,1,63000,52,same,2026-03-08T11:12:14.070744Z,2026-03-08T12:54:22.592533Z,40,0.973612894023677
233,1,4,1,MNIST_EMNIST_rot,torch_dense_50,same_other_sizes_cv,EMNIST_rot,same,63000,7,1,63000,53,same,2026-03-08T13:05:36.759583Z,2026-03-08T15:22:42.071316Z,35,0.97997443544951
234,1,4,1,MNIST_EMNIST_rot,torch_dense_50,same_other_sizes_cv,MNIST,same,63000,7,1,63000,54,same,2026-03-08T13:05:36.759105Z,2026-03-08T17:28:41.991202Z,14,0.972258157251689
235,1,4,1,MNIST_EMNIST_rot,torch_dense_50,same_other_sizes_cv,EMNIST_rot,same,63000,8,1,63000,55,same,2026-03-08T13:05:36.759209Z,2026-03-08T17:26:44.058360Z,13,0.978179730117715
236,1,4,1,MNIST_EMNIST_rot,torch_dense_50,same_other_sizes_cv,MNIST,same,63000,8,1,63000,56,same,2026-03-08T13:05:36.759780Z,2026-03-08T15:38:12.921352Z,38,0.976674726212488
237,1,4,1,MNIST_EMNIST_rot,torch_dense_50,same_other_sizes_cv,EMNIST_rot,same,63000,9,1,63000,57,same,2026-03-08T13:05:36.759848Z,2026-03-08T15:32:23.728665Z,39,0.97653791130186
238,1,4,1,MNIST_EMNIST_rot,torch_dense_50,same_other_sizes_cv,MNIST,same,63000,9,1,63000,58,same,2026-03-08T13:05:36.760012Z,2026-03-08T14:53:06.524169Z,21,0.972309449043677
239,1,4,1,MNIST_EMNIST_rot,torch_dense_50,same_other_sizes_cv,EMNIST_rot,same,63000,10,1,63000,59,same,2026-03-08T13:05:36.760076Z,2026-03-08T15:06:34.872892Z,20,0.978524070337273
23,1,1,1,MNIST_EMNIST_rot,featureless,same_other_sizes_cv,EMNIST_rot,other,63000,2,1,63000,23,other,2026-03-03T12:50:22.285685Z,2026-03-03T12:50:39.756660Z,47,0.102209550962224
240,1,4,1,MNIST_EMNIST_rot,torch_dense_50,same_other_sizes_cv,MNIST,same,63000,10,1,63000,60,same,2026-03-08T13:05:36.759521Z,2026-03-08T17:31:15.800026Z,15,0.97322187588552
241,1,5,1,MNIST_EMNIST_rot,torch_conv,same_other_sizes_cv,EMNIST_rot,all,126000,1,1,126000,1,all,2026-03-08T13:05:36.763549Z,2026-03-08T21:20:30.078101Z,30,0.993120252257417
242,1,5,1,MNIST_EMNIST_rot,torch_conv,same_other_sizes_cv,MNIST,all,126000,1,1,126000,2,all,2026-03-08T13:05:36.764318Z,2026-03-08T19:42:43.074935Z,49,0.991462720546386
243,1,5,1,MNIST_EMNIST_rot,torch_conv,same_other_sizes_cv,EMNIST_rot,all,126000,2,1,126000,3,all,2026-03-08T14:49:05.021188Z,2026-03-08T20:54:23.630691Z,46,0.990734141126158
244,1,5,1,MNIST_EMNIST_rot,torch_conv,same_other_sizes_cv,MNIST,all,126000,2,1,126000,4,all,2026-03-08T14:52:38.571030Z,2026-03-08T20:30:51.289695Z,31,0.990699670911432
245,1,5,1,MNIST_EMNIST_rot,torch_conv,same_other_sizes_cv,EMNIST_rot,all,126000,3,1,126000,5,all,2026-03-08T14:53:06.532733Z,2026-03-08T21:04:31.709134Z,21,0.991549699226583
246,1,5,1,MNIST_EMNIST_rot,torch_conv,same_other_sizes_cv,MNIST,all,126000,3,1,126000,6,all,2026-03-08T14:53:33.773161Z,2026-03-08T21:00:34.233293Z,17,0.988180005696383
247,1,5,1,MNIST_EMNIST_rot,torch_conv,same_other_sizes_cv,EMNIST_rot,all,126000,4,1,126000,7,all,2026-03-08T15:00:05.028121Z,2026-03-08T21:18:16.300362Z,48,0.991970174935475
248,1,5,1,MNIST_EMNIST_rot,torch_conv,same_other_sizes_cv,MNIST,all,126000,4,1,126000,8,all,2026-03-08T15:05:34.140298Z,2026-03-08T22:57:48.768058Z,42,0.992030738579764
249,1,5,1,MNIST_EMNIST_rot,torch_conv,same_other_sizes_cv,EMNIST_rot,all,126000,5,1,126000,9,all,2026-03-08T15:06:34.878638Z,2026-03-08T21:43:23.008541Z,20,0.992986393603591
24,1,1,1,MNIST_EMNIST_rot,featureless,same_other_sizes_cv,MNIST,other,63000,2,1,63000,24,other,2026-03-03T12:50:22.288553Z,2026-03-03T12:50:40.114183Z,20,0.103162111890113
250,1,5,1,MNIST_EMNIST_rot,torch_conv,same_other_sizes_cv,MNIST,all,126000,5,1,126000,10,all,2026-03-08T15:09:34.892259Z,2026-03-08T23:12:39.052662Z,44,0.989666715179741
251,1,5,1,MNIST_EMNIST_rot,torch_conv,same_other_sizes_cv,EMNIST_rot,all,126000,6,1,126000,11,all,2026-03-08T15:22:42.092826Z,2026-03-08T23:34:11.085929Z,35,0.992272467086434
252,1,5,1,MNIST_EMNIST_rot,torch_conv,same_other_sizes_cv,MNIST,all,126000,6,1,126000,12,all,2026-03-08T15:23:46.753638Z,2026-03-09T00:14:17.010493Z,40,0.99058622165169
253,1,5,1,MNIST_EMNIST_rot,torch_conv,same_other_sizes_cv,EMNIST_rot,all,126000,7,1,126000,13,all,2026-03-08T15:25:34.392578Z,2026-03-08T23:37:45.736015Z,29,0.991762533731004
254,1,5,1,MNIST_EMNIST_rot,torch_conv,same_other_sizes_cv,MNIST,all,126000,7,1,126000,14,all,2026-03-08T15:32:18.830588Z,2026-03-08T23:59:52.873261Z,12,0.985913468449044
255,1,5,1,MNIST_EMNIST_rot,torch_conv,same_other_sizes_cv,EMNIST_rot,all,126000,8,1,126000,15,all,2026-03-08T15:32:23.734963Z,2026-03-08T23:46:43.556269Z,39,0.991099626758541
256,1,5,1,MNIST_EMNIST_rot,torch_conv,same_other_sizes_cv,MNIST,all,126000,8,1,126000,16,all,2026-03-08T15:34:30.682583Z,2026-03-09T00:18:28.551211Z,34,0.989759635898165
257,1,5,1,MNIST_EMNIST_rot,torch_conv,same_other_sizes_cv,EMNIST_rot,all,126000,9,1,126000,17,all,2026-03-08T15:38:12.926482Z,2026-03-09T00:30:59.170091Z,38,0.991130185979971
258,1,5,1,MNIST_EMNIST_rot,torch_conv,same_other_sizes_cv,MNIST,all,126000,9,1,126000,18,all,2026-03-08T15:43:48.730451Z,2026-03-09T00:53:54.965525Z,36,0.990722238081644
259,1,5,1,MNIST_EMNIST_rot,torch_conv,same_other_sizes_cv,EMNIST_rot,all,126000,10,1,126000,19,all,2026-03-08T16:18:24.039961Z,2026-03-08T22:16:37.334476Z,24,0.986451426924186
25,1,1,1,MNIST_EMNIST_rot,featureless,same_other_sizes_cv,EMNIST_rot,other,63000,3,1,63000,25,other,2026-03-03T12:50:22.286116Z,2026-03-03T12:50:40.118410Z,30,0.0979661987969063
260,1,5,1,MNIST_EMNIST_rot,torch_conv,same_other_sizes_cv,MNIST,all,126000,10,1,126000,20,all,2026-03-08T16:24:22.502702Z,2026-03-08T22:38:33.277671Z,22,0.989373760272032
261,1,5,1,MNIST_EMNIST_rot,torch_conv,same_other_sizes_cv,EMNIST_rot,other,63000,1,1,63000,21,other,2026-03-08T16:29:07.798308Z,2026-03-08T19:33:47.808860Z,43,0.931919162964025
262,1,5,1,MNIST_EMNIST_rot,torch_conv,same_other_sizes_cv,MNIST,other,63000,1,1,63000,22,other,2026-03-08T16:31:27.345072Z,2026-03-08T19:25:07.206480Z,19,0.919180421172453
263,1,5,1,MNIST_EMNIST_rot,torch_conv,same_other_sizes_cv,EMNIST_rot,other,63000,2,1,63000,23,other,2026-03-08T16:49:15.929606Z,2026-03-08T19:53:47.173526Z,41,0.901211689237348
264,1,5,1,MNIST_EMNIST_rot,torch_conv,same_other_sizes_cv,MNIST,other,63000,2,1,63000,24,other,2026-03-08T17:23:37.822174Z,2026-03-08T20:44:47.811063Z,28,0.933609958506224
265,1,5,1,MNIST_EMNIST_rot,torch_conv,same_other_sizes_cv,EMNIST_rot,other,63000,3,1,63000,25,other,2026-03-08T17:26:44.069954Z,2026-03-09T00:43:43.659887Z,13,0.914924090518476
266,1,5,1,MNIST_EMNIST_rot,torch_conv,same_other_sizes_cv,MNIST,other,63000,3,1,63000,26,other,2026-03-08T17:28:41.997304Z,2026-03-09T00:15:08.637421Z,14,0.9007405297636
267,1,5,1,MNIST_EMNIST_rot,torch_conv,same_other_sizes_cv,EMNIST_rot,other,63000,4,1,63000,27,other,2026-03-08T17:31:15.805459Z,2026-03-09T01:31:31.649610Z,15,0.905219386291941
268,1,5,1,MNIST_EMNIST_rot,torch_conv,same_other_sizes_cv,MNIST,other,63000,4,1,63000,28,other,2026-03-08T17:33:25.045054Z,2026-03-08T21:37:17.991068Z,32,0.940657464067169
269,1,5,1,MNIST_EMNIST_rot,torch_conv,same_other_sizes_cv,EMNIST_rot,other,63000,5,1,63000,29,other,2026-03-08T18:03:23.562985Z,2026-03-09T01:32:13.110023Z,11,0.909945293870108
26,1,1,1,MNIST_EMNIST_rot,featureless,same_other_sizes_cv,MNIST,other,63000,3,1,63000,26,other,2026-03-03T12:50:22.286175Z,2026-03-03T12:50:39.959107Z,11,0.0925662204500142
270,1,5,1,MNIST_EMNIST_rot,torch_conv,same_other_sizes_cv,MNIST,other,63000,5,1,63000,30,other,2026-03-08T18:28:22.440118Z,2026-03-08T23:33:09.100855Z,23,0.949061272012807
271,1,5,1,MNIST_EMNIST_rot,torch_conv,same_other_sizes_cv,EMNIST_rot,other,63000,6,1,63000,31,other,2026-03-08T19:25:07.237913Z,2026-03-08T22:21:29.837150Z,19,0.918145392100744
272,1,5,1,MNIST_EMNIST_rot,torch_conv,same_other_sizes_cv,MNIST,other,63000,6,1,63000,32,other,2026-03-08T19:33:47.817781Z,2026-03-08T22:32:23.356666Z,43,0.94137783483098
273,1,5,1,MNIST_EMNIST_rot,torch_conv,same_other_sizes_cv,EMNIST_rot,other,63000,7,1,63000,33,other,2026-03-08T19:42:43.083996Z,2026-03-08T22:55:14.710762Z,49,0.922170146286039
274,1,5,1,MNIST_EMNIST_rot,torch_conv,same_other_sizes_cv,MNIST,other,63000,7,1,63000,34,other,2026-03-08T19:53:47.192591Z,2026-03-08T23:01:04.554785Z,41,0.94164151214604
275,1,5,1,MNIST_EMNIST_rot,torch_conv,same_other_sizes_cv,EMNIST_rot,other,63000,8,1,63000,35,other,2026-03-08T20:18:48.223317Z,2026-03-08T23:00:37.653610Z,33,0.916594889463106
276,1,5,1,MNIST_EMNIST_rot,torch_conv,same_other_sizes_cv,MNIST,other,63000,8,1,63000,36,other,2026-03-08T20:30:51.299647Z,2026-03-08T23:41:26.818820Z,31,0.962594225572465
277,1,5,1,MNIST_EMNIST_rot,torch_conv,same_other_sizes_cv,EMNIST_rot,other,63000,9,1,63000,37,other,2026-03-08T20:44:47.842673Z,2026-03-09T00:09:06.233178Z,28,0.897281831187411
278,1,5,1,MNIST_EMNIST_rot,torch_conv,same_other_sizes_cv,MNIST,other,63000,9,1,63000,38,other,2026-03-08T20:54:23.640594Z,2026-03-08T23:51:41.390905Z,46,0.936625749357693
279,1,5,1,MNIST_EMNIST_rot,torch_conv,same_other_sizes_cv,EMNIST_rot,other,63000,10,1,63000,39,other,2026-03-08T21:00:34.242915Z,2026-03-09T00:05:10.296291Z,17,0.932257134620928
27,1,1,1,MNIST_EMNIST_rot,featureless,same_other_sizes_cv,EMNIST_rot,other,63000,4,1,63000,27,other,2026-03-03T12:50:22.286219Z,2026-03-03T12:50:39.950692Z,21,0.0990823057069114
280,1,5,1,MNIST_EMNIST_rot,torch_conv,same_other_sizes_cv,MNIST,other,63000,10,1,63000,40,other,2026-03-08T21:04:31.719304Z,2026-03-09T00:18:40.884691Z,21,0.931992065741003
281,1,5,1,MNIST_EMNIST_rot,torch_conv,same_other_sizes_cv,EMNIST_rot,same,63000,1,1,63000,41,same,2026-03-08T21:18:16.330556Z,2026-03-09T00:45:12.393418Z,48,0.99082700300989
282,1,5,1,MNIST_EMNIST_rot,torch_conv,same_other_sizes_cv,MNIST,same,63000,1,1,63000,42,same,2026-03-08T21:20:30.086717Z,2026-03-09T00:52:26.813839Z,30,0.988616960728514
283,1,5,1,MNIST_EMNIST_rot,torch_conv,same_other_sizes_cv,EMNIST_rot,same,63000,2,1,63000,43,same,2026-03-08T21:37:17.997675Z,2026-03-09T01:14:52.072031Z,32,0.990021382751247
284,1,5,1,MNIST_EMNIST_rot,torch_conv,same_other_sizes_cv,MNIST,same,63000,2,1,63000,44,same,2026-03-08T21:43:23.024660Z,2026-03-09T01:14:34.976315Z,20,0.988410359135785
285,1,5,1,MNIST_EMNIST_rot,torch_conv,same_other_sizes_cv,EMNIST_rot,same,63000,3,1,63000,45,same,2026-03-08T22:16:37.364544Z,2026-03-09T01:29:02.682887Z,24,0.990403895731882
286,1,5,1,MNIST_EMNIST_rot,torch_conv,same_other_sizes_cv,MNIST,same,63000,3,1,63000,46,same,2026-03-08T22:21:29.846208Z,2026-03-09T01:15:32.300536Z,19,0.98988892053546
287,1,5,1,MNIST_EMNIST_rot,torch_conv,same_other_sizes_cv,EMNIST_rot,same,63000,4,1,63000,47,same,2026-03-08T22:32:23.367092Z,2026-03-09T01:32:23.733891Z,43,0.989675939202753
288,1,5,1,MNIST_EMNIST_rot,torch_conv,same_other_sizes_cv,MNIST,same,63000,4,1,63000,48,same,2026-03-08T22:38:33.292179Z,2026-03-09T01:53:18.463962Z,22,0.988615340828234
289,1,5,1,MNIST_EMNIST_rot,torch_conv,same_other_sizes_cv,EMNIST_rot,same,63000,5,1,63000,49,same,2026-03-08T22:55:14.732689Z,2026-03-09T02:06:59.781499Z,49,0.989900406789171
28,1,1,1,MNIST_EMNIST_rot,featureless,same_other_sizes_cv,MNIST,other,63000,4,1,63000,28,other,2026-03-03T12:50:22.286254Z,2026-03-03T12:50:40.039209Z,26,0.102035007826953
290,1,5,1,MNIST_EMNIST_rot,torch_conv,same_other_sizes_cv,MNIST,same,63000,5,1,63000,50,same,2026-03-08T22:57:48.773438Z,2026-03-09T02:54:33.723808Z,42,0.974385096783583
291,1,5,1,MNIST_EMNIST_rot,torch_conv,same_other_sizes_cv,EMNIST_rot,same,63000,6,1,63000,51,same,2026-03-08T23:00:37.674762Z,2026-03-09T01:43:13.743026Z,33,0.98955352032055
292,1,5,1,MNIST_EMNIST_rot,torch_conv,same_other_sizes_cv,MNIST,same,63000,6,1,63000,52,same,2026-03-08T23:01:04.558854Z,2026-03-09T02:07:30.516932Z,41,0.988161460561974
293,1,5,1,MNIST_EMNIST_rot,torch_conv,same_other_sizes_cv,EMNIST_rot,same,63000,7,1,63000,53,same,2026-03-08T23:12:39.060838Z,2026-03-09T03:25:06.104639Z,44,0.990342280926005
294,1,5,1,MNIST_EMNIST_rot,torch_conv,same_other_sizes_cv,MNIST,same,63000,7,1,63000,54,same,2026-03-08T23:33:09.136222Z,2026-03-09T06:05:27.398065Z,23,0.987925830099181
295,1,5,1,MNIST_EMNIST_rot,torch_conv,same_other_sizes_cv,EMNIST_rot,same,63000,8,1,63000,55,same,2026-03-08T23:34:11.095733Z,2026-03-09T03:12:12.479014Z,35,0.989951191501579
296,1,5,1,MNIST_EMNIST_rot,torch_conv,same_other_sizes_cv,MNIST,same,63000,8,1,63000,56,same,2026-03-08T23:37:45.754320Z,2026-03-09T03:45:54.245674Z,29,0.983643862892903
297,1,5,1,MNIST_EMNIST_rot,torch_conv,same_other_sizes_cv,EMNIST_rot,same,63000,9,1,63000,57,same,2026-03-08T23:41:26.828787Z,2026-03-09T02:58:16.448998Z,31,0.990844062947067
298,1,5,1,MNIST_EMNIST_rot,torch_conv,same_other_sizes_cv,MNIST,same,63000,9,1,63000,58,same,2026-03-08T23:46:43.563014Z,2026-03-09T03:21:08.699188Z,39,0.988866685697973
299,1,5,1,MNIST_EMNIST_rot,torch_conv,same_other_sizes_cv,EMNIST_rot,same,63000,10,1,63000,59,same,2026-03-08T23:51:41.400471Z,2026-03-09T02:54:13.817711Z,46,0.981118477947535
29,1,1,1,MNIST_EMNIST_rot,featureless,same_other_sizes_cv,EMNIST_rot,other,63000,5,1,63000,29,other,2026-03-03T12:50:22.286231Z,2026-03-03T12:50:40.113405Z,17,0.0988918501893674
2,1,1,1,MNIST_EMNIST_rot,featureless,same_other_sizes_cv,MNIST,all,126000,1,1,126000,2,all,2026-03-03T12:50:22.285019Z,2026-03-03T12:50:39.664197Z,39,0.110557768924303
300,1,5,1,MNIST_EMNIST_rot,torch_conv,same_other_sizes_cv,MNIST,same,63000,10,1,63000,60,same,2026-03-08T23:59:52.905852Z,2026-03-09T03:56:01.214049Z,12,0.987673561915557
30,1,1,1,MNIST_EMNIST_rot,featureless,same_other_sizes_cv,MNIST,other,63000,5,1,63000,30,other,2026-03-03T12:50:22.286327Z,2026-03-03T12:50:39.929096Z,16,0.107407946441566
31,1,1,1,MNIST_EMNIST_rot,featureless,same_other_sizes_cv,EMNIST_rot,other,63000,6,1,63000,31,other,2026-03-03T12:50:22.286294Z,2026-03-03T12:50:40.119804Z,27,0.10231825987407
32,1,1,1,MNIST_EMNIST_rot,featureless,same_other_sizes_cv,MNIST,other,63000,6,1,63000,32,other,2026-03-03T12:50:22.286310Z,2026-03-03T12:50:40.048681Z,7,0.101839965768079
33,1,1,1,MNIST_EMNIST_rot,featureless,same_other_sizes_cv,EMNIST_rot,other,63000,7,1,63000,33,other,2026-03-03T12:50:22.286332Z,2026-03-03T12:50:40.134635Z,32,0.101832126118449
34,1,1,1,MNIST_EMNIST_rot,featureless,same_other_sizes_cv,MNIST,other,63000,7,1,63000,34,other,2026-03-03T12:50:22.286427Z,2026-03-03T12:50:40.094365Z,41,0.104930286042835
35,1,1,1,MNIST_EMNIST_rot,featureless,same_other_sizes_cv,EMNIST_rot,other,63000,8,1,63000,35,other,2026-03-03T12:50:22.286393Z,2026-03-03T12:50:40.014273Z,22,0.0963250071777204
36,1,1,1,MNIST_EMNIST_rot,featureless,same_other_sizes_cv,MNIST,other,63000,8,1,63000,36,other,2026-03-03T12:50:22.286551Z,2026-03-03T12:50:39.754246Z,1,0.116057459820794
37,1,1,1,MNIST_EMNIST_rot,featureless,same_other_sizes_cv,EMNIST_rot,other,63000,9,1,63000,37,other,2026-03-03T12:50:22.286500Z,2026-03-03T12:50:39.981625Z,25,0.100858369098712
38,1,1,1,MNIST_EMNIST_rot,featureless,same_other_sizes_cv,MNIST,other,63000,9,1,63000,38,other,2026-03-03T12:50:22.286510Z,2026-03-03T12:50:39.898782Z,15,0.102198115900657
39,1,1,1,MNIST_EMNIST_rot,featureless,same_other_sizes_cv,EMNIST_rot,other,63000,10,1,63000,39,other,2026-03-03T12:50:22.286542Z,2026-03-03T12:50:39.994471Z,10,0.0985874891899683
3,1,1,1,MNIST_EMNIST_rot,featureless,same_other_sizes_cv,EMNIST_rot,all,126000,2,1,126000,3,all,2026-03-03T12:50:22.285422Z,2026-03-03T12:50:40.603882Z,4,0.102209550962224
40,1,1,1,MNIST_EMNIST_rot,featureless,same_other_sizes_cv,MNIST,other,63000,10,1,63000,40,other,2026-03-03T12:50:22.286626Z,2026-03-03T12:50:40.017428Z,5,0.103287050155852
41,1,1,1,MNIST_EMNIST_rot,featureless,same_other_sizes_cv,EMNIST_rot,same,63000,1,1,63000,41,same,2026-03-03T12:50:22.286832Z,2026-03-03T12:50:40.809124Z,29,0.0971764368639817
42,1,1,1,MNIST_EMNIST_rot,featureless,same_other_sizes_cv,MNIST,same,63000,1,1,63000,42,same,2026-03-03T12:50:22.286837Z,2026-03-03T12:50:40.695308Z,37,0.110557768924303
43,1,1,1,MNIST_EMNIST_rot,featureless,same_other_sizes_cv,EMNIST_rot,same,63000,2,1,63000,43,same,2026-03-03T12:50:22.286859Z,2026-03-03T12:50:40.784432Z,40,0.0962223806129722
44,1,1,1,MNIST_EMNIST_rot,featureless,same_other_sizes_cv,MNIST,same,63000,2,1,63000,44,same,2026-03-03T12:50:22.286878Z,2026-03-03T12:50:40.852585Z,33,0.110316211189011
45,1,1,1,MNIST_EMNIST_rot,featureless,same_other_sizes_cv,EMNIST_rot,same,63000,3,1,63000,45,same,2026-03-03T12:50:22.286862Z,2026-03-03T12:50:40.549495Z,19,0.0976797479232312
46,1,1,1,MNIST_EMNIST_rot,featureless,same_other_sizes_cv,MNIST,same,63000,3,1,63000,46,same,2026-03-03T12:50:22.287095Z,2026-03-03T12:50:40.404191Z,23,0.114497294218171
47,1,1,1,MNIST_EMNIST_rot,featureless,same_other_sizes_cv,EMNIST_rot,same,63000,4,1,63000,47,same,2026-03-03T12:50:22.287066Z,2026-03-03T12:50:40.652328Z,44,0.0962145110410095
48,1,1,1,MNIST_EMNIST_rot,featureless,same_other_sizes_cv,MNIST,same,63000,4,1,63000,48,same,2026-03-03T12:50:22.287420Z,2026-03-03T12:50:40.717371Z,46,0.113419666998719
49,1,1,1,MNIST_EMNIST_rot,featureless,same_other_sizes_cv,EMNIST_rot,same,63000,5,1,63000,49,same,2026-03-03T12:50:22.289456Z,2026-03-03T12:50:40.846766Z,14,0.0948239584794501
4,1,1,1,MNIST_EMNIST_rot,featureless,same_other_sizes_cv,MNIST,all,126000,2,1,126000,4,all,2026-03-03T12:50:22.285019Z,2026-03-03T12:50:40.166537Z,38,0.110316211189011
50,1,1,1,MNIST_EMNIST_rot,featureless,same_other_sizes_cv,MNIST,same,63000,5,1,63000,50,same,2026-03-03T12:50:39.478083Z,2026-03-03T12:50:45.537126Z,2,0.113957211468491
51,1,1,1,MNIST_EMNIST_rot,featureless,same_other_sizes_cv,EMNIST_rot,same,63000,6,1,63000,51,same,2026-03-03T12:50:39.502983Z,2026-03-03T12:50:45.565088Z,36,0.0967372638809388
52,1,1,1,MNIST_EMNIST_rot,featureless,same_other_sizes_cv,MNIST,same,63000,6,1,63000,52,same,2026-03-03T12:50:39.503242Z,2026-03-03T12:50:45.576757Z,12,0.110255313079447
53,1,1,1,MNIST_EMNIST_rot,featureless,same_other_sizes_cv,EMNIST_rot,same,63000,7,1,63000,53,same,2026-03-03T12:50:39.669623Z,2026-03-03T12:50:45.895106Z,39,0.0950149126544525
54,1,1,1,MNIST_EMNIST_rot,featureless,same_other_sizes_cv,MNIST,same,63000,7,1,63000,54,same,2026-03-03T12:50:39.759516Z,2026-03-03T12:50:45.811908Z,1,0.110823630875377
55,1,1,1,MNIST_EMNIST_rot,featureless,same_other_sizes_cv,EMNIST_rot,same,63000,8,1,63000,55,same,2026-03-03T12:50:39.761939Z,2026-03-03T12:50:46.073516Z,47,0.0963250071777204
56,1,1,1,MNIST_EMNIST_rot,featureless,same_other_sizes_cv,MNIST,same,63000,8,1,63000,56,same,2026-03-03T12:50:39.763095Z,2026-03-03T12:50:46.043728Z,49,0.116057459820794
57,1,1,1,MNIST_EMNIST_rot,featureless,same_other_sizes_cv,EMNIST_rot,same,63000,9,1,63000,57,same,2026-03-03T12:50:39.778369Z,2026-03-03T12:50:46.072665Z,43,0.0977110157367668
58,1,1,1,MNIST_EMNIST_rot,featureless,same_other_sizes_cv,MNIST,same,63000,9,1,63000,58,same,2026-03-03T12:50:39.825845Z,2026-03-03T12:50:46.132980Z,6,0.111618612617756
59,1,1,1,MNIST_EMNIST_rot,featureless,same_other_sizes_cv,EMNIST_rot,same,63000,10,1,63000,59,same,2026-03-03T12:50:39.875455Z,2026-03-03T12:50:45.908210Z,13,0.0952724127990775
5,1,1,1,MNIST_EMNIST_rot,featureless,same_other_sizes_cv,EMNIST_rot,all,126000,3,1,126000,5,all,2026-03-03T12:50:22.285938Z,2026-03-03T12:50:39.870117Z,13,0.0979661987969063
60,1,1,1,MNIST_EMNIST_rot,featureless,same_other_sizes_cv,MNIST,same,63000,10,1,63000,60,same,2026-03-03T12:50:39.882100Z,2026-03-03T12:50:45.910105Z,18,0.113771606687447
61,1,2,1,MNIST_EMNIST_rot,torch_linear,same_other_sizes_cv,EMNIST_rot,all,126000,1,1,126000,1,all,2026-03-03T15:21:53.540716Z,2026-03-03T17:58:05.061800Z,5,0.912139888204099
62,1,2,1,MNIST_EMNIST_rot,torch_linear,same_other_sizes_cv,MNIST,all,126000,1,1,126000,2,all,2026-03-07T13:28:24.647205Z,2026-03-08T01:38:23.391470Z,17,0.898975526465566
63,1,2,1,MNIST_EMNIST_rot,torch_linear,same_other_sizes_cv,EMNIST_rot,all,126000,2,1,126000,3,all,2026-03-03T15:21:53.541445Z,2026-03-03T17:57:23.999952Z,3,0.909907341411262
64,1,2,1,MNIST_EMNIST_rot,torch_linear,same_other_sizes_cv,MNIST,all,126000,2,1,126000,4,all,2026-03-03T15:21:53.541444Z,2026-03-03T18:11:57.252926Z,1,0.896694806123909
65,1,2,1,MNIST_EMNIST_rot,torch_linear,same_other_sizes_cv,EMNIST_rot,all,126000,3,1,126000,5,all,2026-03-03T15:21:53.541401Z,2026-03-03T18:23:04.139494Z,6,0.90518476081352
66,1,2,1,MNIST_EMNIST_rot,torch_linear,same_other_sizes_cv,MNIST,all,126000,3,1,126000,6,all,2026-03-07T13:28:24.647212Z,2026-03-08T01:24:06.236768Z,21,0.900455710623754
67,1,2,1,MNIST_EMNIST_rot,torch_linear,same_other_sizes_cv,EMNIST_rot,all,126000,4,1,126000,7,all,2026-03-03T15:21:53.541445Z,2026-03-03T17:48:54.995880Z,2,0.906796673358188
68,1,2,1,MNIST_EMNIST_rot,torch_linear,same_other_sizes_cv,MNIST,all,126000,4,1,126000,8,all,2026-03-03T15:21:53.541449Z,2026-03-03T18:49:14.746805Z,4,0.90365732175893
69,1,2,1,MNIST_EMNIST_rot,torch_linear,same_other_sizes_cv,EMNIST_rot,all,126000,5,1,126000,9,all,2026-03-07T13:28:24.647294Z,2026-03-08T02:48:32.615772Z,6,0.910786926637677
6,1,1,1,MNIST_EMNIST_rot,featureless,same_other_sizes_cv,MNIST,all,126000,3,1,126000,6,all,2026-03-03T12:50:22.285926Z,2026-03-03T12:50:40.532125Z,8,0.114497294218171
70,1,2,1,MNIST_EMNIST_rot,torch_linear,same_other_sizes_cv,MNIST,all,126000,5,1,126000,10,all,2026-03-07T13:28:24.647205Z,2026-03-08T02:08:04.917555Z,25,0.90205210304177
71,1,2,1,MNIST_EMNIST_rot,torch_linear,same_other_sizes_cv,EMNIST_rot,all,126000,6,1,126000,11,all,2026-03-07T13:28:24.647235Z,2026-03-08T03:32:42.704253Z,19,0.90440755580996
72,1,2,1,MNIST_EMNIST_rot,torch_linear,same_other_sizes_cv,MNIST,all,126000,6,1,126000,12,all,2026-03-07T13:28:24.647294Z,2026-03-08T02:37:07.500461Z,8,0.903009556411354
73,1,2,1,MNIST_EMNIST_rot,torch_linear,same_other_sizes_cv,EMNIST_rot,all,126000,7,1,126000,13,all,2026-03-07T13:28:24.647401Z,2026-03-08T05:27:32.456801Z,9,0.905695213748047
74,1,2,1,MNIST_EMNIST_rot,torch_linear,same_other_sizes_cv,MNIST,all,126000,7,1,126000,14,all,2026-03-07T13:28:24.647402Z,2026-03-08T05:32:47.177655Z,13,0.887307747592353
75,1,2,1,MNIST_EMNIST_rot,torch_linear,same_other_sizes_cv,EMNIST_rot,all,126000,8,1,126000,15,all,2026-03-07T13:28:24.647295Z,2026-03-08T03:27:21.154069Z,10,0.906833189778926
76,1,2,1,MNIST_EMNIST_rot,torch_linear,same_other_sizes_cv,MNIST,all,126000,8,1,126000,16,all,2026-03-07T13:28:24.647433Z,2026-03-08T00:23:19.518641Z,36,0.899871995448727
77,1,2,1,MNIST_EMNIST_rot,torch_linear,same_other_sizes_cv,EMNIST_rot,all,126000,9,1,126000,17,all,2026-03-07T13:28:24.648206Z,2026-03-08T01:59:35.842979Z,31,0.908011444921316
78,1,2,1,MNIST_EMNIST_rot,torch_linear,same_other_sizes_cv,MNIST,all,126000,9,1,126000,18,all,2026-03-07T13:28:24.648214Z,2026-03-08T03:15:53.063523Z,12,0.90094204967171
79,1,2,1,MNIST_EMNIST_rot,torch_linear,same_other_sizes_cv,EMNIST_rot,all,126000,10,1,126000,19,all,2026-03-07T13:28:24.648351Z,2026-03-08T05:17:13.306229Z,18,0.902853848371289
7,1,1,1,MNIST_EMNIST_rot,featureless,same_other_sizes_cv,EMNIST_rot,all,126000,4,1,126000,7,all,2026-03-03T12:50:22.285926Z,2026-03-03T12:50:39.876342Z,18,0.0990823057069114
80,1,2,1,MNIST_EMNIST_rot,torch_linear,same_other_sizes_cv,MNIST,all,126000,10,1,126000,20,all,2026-03-07T13:28:24.648264Z,2026-03-07T22:24:21.708130Z,34,0.899121564182488
81,1,2,1,MNIST_EMNIST_rot,torch_linear,same_other_sizes_cv,EMNIST_rot,other,63000,1,1,63000,21,other,2026-03-03T12:50:40.149541Z,2026-03-03T14:12:57.772906Z,34,0.533467106206106
82,1,2,1,MNIST_EMNIST_rot,torch_linear,same_other_sizes_cv,MNIST,other,63000,1,1,63000,22,other,2026-03-03T12:50:40.171315Z,2026-03-03T14:18:07.000323Z,38,0.552931132612408
83,1,2,1,MNIST_EMNIST_rot,torch_linear,same_other_sizes_cv,EMNIST_rot,other,63000,2,1,63000,23,other,2026-03-03T12:50:40.409373Z,2026-03-03T14:22:48.652824Z,23,0.535851746258019
84,1,2,1,MNIST_EMNIST_rot,torch_linear,same_other_sizes_cv,MNIST,other,63000,2,1,63000,24,other,2026-03-03T15:21:53.581616Z,2026-03-03T17:32:34.875582Z,22,0.546000858491916
85,1,2,1,MNIST_EMNIST_rot,torch_linear,same_other_sizes_cv,EMNIST_rot,other,63000,3,1,63000,25,other,2026-03-03T12:50:40.536837Z,2026-03-03T14:31:52.513256Z,8,0.522916069894013
86,1,2,1,MNIST_EMNIST_rot,torch_linear,same_other_sizes_cv,MNIST,other,63000,3,1,63000,26,other,2026-03-03T12:50:40.554987Z,2026-03-03T14:14:46.325282Z,19,0.558103104528624
87,1,2,1,MNIST_EMNIST_rot,torch_linear,same_other_sizes_cv,EMNIST_rot,other,63000,4,1,63000,27,other,2026-03-03T12:50:40.570496Z,2026-03-03T14:10:34.133974Z,28,0.537998279323201
88,1,2,1,MNIST_EMNIST_rot,torch_linear,same_other_sizes_cv,MNIST,other,63000,4,1,63000,28,other,2026-03-03T12:50:40.609110Z,2026-03-03T14:10:33.689879Z,4,0.557279066457948
89,1,2,1,MNIST_EMNIST_rot,torch_linear,same_other_sizes_cv,EMNIST_rot,other,63000,5,1,63000,29,other,2026-03-03T12:50:40.657388Z,2026-03-03T14:16:47.597998Z,44,0.541450413802777
8,1,1,1,MNIST_EMNIST_rot,featureless,same_other_sizes_cv,MNIST,all,126000,4,1,126000,8,all,2026-03-03T12:50:22.285089Z,2026-03-03T12:50:39.773207Z,43,0.113419666998719
90,1,2,1,MNIST_EMNIST_rot,torch_linear,same_other_sizes_cv,MNIST,other,63000,5,1,63000,30,other,2026-03-03T12:50:40.701735Z,2026-03-03T14:19:02.742477Z,37,0.552466889826808
91,1,2,1,MNIST_EMNIST_rot,torch_linear,same_other_sizes_cv,EMNIST_rot,other,63000,6,1,63000,31,other,2026-03-03T12:50:40.722427Z,2026-03-03T14:13:30.447200Z,46,0.536348025186033
92,1,2,1,MNIST_EMNIST_rot,torch_linear,same_other_sizes_cv,MNIST,other,63000,6,1,63000,32,other,2026-03-03T15:21:53.582490Z,2026-03-03T18:55:05.610292Z,35,0.556696619597775
93,1,2,1,MNIST_EMNIST_rot,torch_linear,same_other_sizes_cv,EMNIST_rot,other,63000,7,1,63000,33,other,2026-03-03T12:50:40.789956Z,2026-03-03T14:17:07.468746Z,24,0.53983809118023
94,1,2,1,MNIST_EMNIST_rot,torch_linear,same_other_sizes_cv,MNIST,other,63000,7,1,63000,34,other,2026-03-03T12:50:40.813983Z,2026-03-03T14:39:40.210862Z,29,0.549949690958747
95,1,2,1,MNIST_EMNIST_rot,torch_linear,same_other_sizes_cv,EMNIST_rot,other,63000,8,1,63000,35,other,2026-03-03T12:50:40.851707Z,2026-03-03T14:06:13.078730Z,14,0.549095607235142
96,1,2,1,MNIST_EMNIST_rot,torch_linear,same_other_sizes_cv,MNIST,other,63000,8,1,63000,36,other,2026-03-03T12:50:40.853538Z,2026-03-03T14:09:21.535525Z,9,0.568909116768596
97,1,2,1,MNIST_EMNIST_rot,torch_linear,same_other_sizes_cv,EMNIST_rot,other,63000,9,1,63000,37,other,2026-03-03T12:50:40.857311Z,2026-03-03T14:12:00.897961Z,33,0.546065808297568
98,1,2,1,MNIST_EMNIST_rot,torch_linear,same_other_sizes_cv,MNIST,other,63000,9,1,63000,38,other,2026-03-03T15:21:53.581722Z,2026-03-03T17:04:02.249453Z,14,0.552098201541536
99,1,2,1,MNIST_EMNIST_rot,torch_linear,same_other_sizes_cv,EMNIST_rot,other,63000,10,1,63000,39,other,2026-03-03T12:50:45.540988Z,2026-03-03T14:19:50.606031Z,2,0.539060247910061
9,1,1,1,MNIST_EMNIST_rot,featureless,same_other_sizes_cv,EMNIST_rot,all,126000,5,1,126000,9,all,2026-03-03T12:50:22.285943Z,2026-03-03T12:50:40.515040Z,3,0.0988918501893674
