job.id,submitted,started,done,error,mem.used,batch.id,log.file,job.hash,job.name,repl,time.queued,time.running,problem,algorithm,tags
1,2026-02-24T03:23:01.536100Z,2026-02-24T03:23:42.811100Z,2026-02-24T03:24:55.116Z,,,7290254_1,joba4f8680970e75d50f4704f845baf620d.log_1,joba4f8680970e75d50f4704f845baf620d,01ab2d16-7901-48bb-bf49-080853d55947,1,41.2750000953674,72.304899930954,ec3770ae7f439181,run_learner,
2,2026-02-24T03:23:01.536100Z,2026-02-24T03:23:41.210900Z,2026-02-24T03:24:58.587600Z,,,7290254_2,joba4f8680970e75d50f4704f845baf620d.log_2,joba4f8680970e75d50f4704f845baf620d,01ab2d16-7901-48bb-bf49-080853d55947,2,39.674800157547,77.376699924469,ec3770ae7f439181,run_learner,
3,2026-02-24T03:23:01.536100Z,2026-02-24T03:23:41.125500Z,2026-02-24T03:25:34.762600Z,,,7290254_3,joba4f8680970e75d50f4704f845baf620d.log_3,joba4f8680970e75d50f4704f845baf620d,01ab2d16-7901-48bb-bf49-080853d55947,3,39.5894000530243,113.637099981308,ec3770ae7f439181,run_learner,
4,2026-02-24T03:23:01.536100Z,2026-02-24T03:23:42.868900Z,2026-02-24T03:24:41.581300Z,,,7290254_4,joba4f8680970e75d50f4704f845baf620d.log_4,joba4f8680970e75d50f4704f845baf620d,01ab2d16-7901-48bb-bf49-080853d55947,4,41.3328001499176,58.7123999595642,ec3770ae7f439181,run_learner,
5,2026-02-24T03:23:01.536100Z,2026-02-24T03:23:41.237300Z,2026-02-24T03:24:46.515500Z,,,7290254_5,joba4f8680970e75d50f4704f845baf620d.log_5,joba4f8680970e75d50f4704f845baf620d,01ab2d16-7901-48bb-bf49-080853d55947,5,39.7012000083923,65.2782001495361,ec3770ae7f439181,run_learner,
6,2026-02-24T03:23:01.536100Z,2026-02-24T03:23:41.238600Z,2026-02-24T03:26:31.570800Z,,,7290254_6,joba4f8680970e75d50f4704f845baf620d.log_6,joba4f8680970e75d50f4704f845baf620d,01ab2d16-7901-48bb-bf49-080853d55947,6,39.7025001049042,170.332200050354,ec3770ae7f439181,run_learner,
7,2026-02-24T03:23:01.536100Z,2026-02-24T03:23:45.238800Z,2026-02-24T03:25:33.192300Z,,,7290254_7,joba4f8680970e75d50f4704f845baf620d.log_7,joba4f8680970e75d50f4704f845baf620d,01ab2d16-7901-48bb-bf49-080853d55947,7,43.702700138092,107.953500032425,ec3770ae7f439181,run_learner,
8,2026-02-24T03:23:01.536100Z,2026-02-24T03:23:43.064100Z,2026-02-24T03:25:39.641200Z,,,7290254_8,joba4f8680970e75d50f4704f845baf620d.log_8,joba4f8680970e75d50f4704f845baf620d,01ab2d16-7901-48bb-bf49-080853d55947,8,41.5280001163483,116.577100038528,ec3770ae7f439181,run_learner,
9,2026-02-24T03:23:01.536100Z,2026-02-24T03:23:41.238400Z,2026-02-24T03:26:25.712700Z,,,7290254_9,joba4f8680970e75d50f4704f845baf620d.log_9,joba4f8680970e75d50f4704f845baf620d,01ab2d16-7901-48bb-bf49-080853d55947,9,39.7023000717163,164.474299907684,ec3770ae7f439181,run_learner,
10,2026-02-24T03:23:01.536100Z,2026-02-24T03:23:42.992500Z,2026-02-24T03:24:28.839400Z,,,7290254_10,joba4f8680970e75d50f4704f845baf620d.log_10,joba4f8680970e75d50f4704f845baf620d,01ab2d16-7901-48bb-bf49-080853d55947,10,41.4564001560211,45.8468999862671,ec3770ae7f439181,run_learner,
11,2026-02-24T03:23:01.536100Z,2026-02-24T03:26:43.615500Z,2026-02-24T03:27:59.326Z,,,7290254_11,joba4f8680970e75d50f4704f845baf620d.log_11,joba4f8680970e75d50f4704f845baf620d,01ab2d16-7901-48bb-bf49-080853d55947,11,222.079400062561,75.7105000019074,ec3770ae7f439181,run_learner,
12,2026-02-24T03:23:01.536100Z,2026-02-24T03:26:45.643800Z,2026-02-24T03:28:29.041Z,,,7290254_12,joba4f8680970e75d50f4704f845baf620d.log_12,joba4f8680970e75d50f4704f845baf620d,01ab2d16-7901-48bb-bf49-080853d55947,12,224.107700109482,103.397199869156,ec3770ae7f439181,run_learner,
13,2026-02-24T03:23:01.536100Z,2026-02-24T03:26:45.600200Z,2026-02-24T03:27:55.699600Z,,,7290254_13,joba4f8680970e75d50f4704f845baf620d.log_13,joba4f8680970e75d50f4704f845baf620d,01ab2d16-7901-48bb-bf49-080853d55947,13,224.064100027084,70.0994000434876,ec3770ae7f439181,run_learner,
14,2026-02-24T03:23:01.536100Z,2026-02-24T03:26:47.727900Z,2026-02-24T03:28:19.356Z,,,7290254_14,joba4f8680970e75d50f4704f845baf620d.log_14,joba4f8680970e75d50f4704f845baf620d,01ab2d16-7901-48bb-bf49-080853d55947,14,226.191800117493,91.6280999183655,ec3770ae7f439181,run_learner,
15,2026-02-24T03:23:01.536100Z,2026-02-24T03:26:43.563100Z,2026-02-24T03:28:19.859300Z,,,7290254_15,joba4f8680970e75d50f4704f845baf620d.log_15,joba4f8680970e75d50f4704f845baf620d,01ab2d16-7901-48bb-bf49-080853d55947,15,222.027000188828,96.296199798584,ec3770ae7f439181,run_learner,
16,2026-02-24T03:23:01.536100Z,2026-02-24T03:26:43.846900Z,2026-02-24T03:27:45.376100Z,,,7290254_16,joba4f8680970e75d50f4704f845baf620d.log_16,joba4f8680970e75d50f4704f845baf620d,01ab2d16-7901-48bb-bf49-080853d55947,16,222.310800075531,61.5292000770569,ec3770ae7f439181,run_learner,
17,2026-02-24T03:23:01.536100Z,2026-02-24T03:26:43.778600Z,2026-02-24T03:28:05.555300Z,,,7290254_17,joba4f8680970e75d50f4704f845baf620d.log_17,joba4f8680970e75d50f4704f845baf620d,01ab2d16-7901-48bb-bf49-080853d55947,17,222.242500066757,81.7767000198364,ec3770ae7f439181,run_learner,
18,2026-02-24T03:23:01.536100Z,2026-02-24T03:26:47.591900Z,2026-02-24T03:28:32.860900Z,,,7290254_18,joba4f8680970e75d50f4704f845baf620d.log_18,joba4f8680970e75d50f4704f845baf620d,01ab2d16-7901-48bb-bf49-080853d55947,18,226.055800199509,105.268999814987,ec3770ae7f439181,run_learner,
19,2026-02-24T03:23:01.536100Z,2026-02-24T03:26:45.830600Z,2026-02-24T03:27:44.374200Z,,,7290254_19,joba4f8680970e75d50f4704f845baf620d.log_19,joba4f8680970e75d50f4704f845baf620d,01ab2d16-7901-48bb-bf49-080853d55947,19,224.294500112534,58.5436000823975,ec3770ae7f439181,run_learner,
20,2026-02-24T03:23:01.536100Z,2026-02-24T03:26:43.788100Z,2026-02-24T03:28:03.015400Z,,,7290254_20,joba4f8680970e75d50f4704f845baf620d.log_20,joba4f8680970e75d50f4704f845baf620d,01ab2d16-7901-48bb-bf49-080853d55947,20,222.25200009346,79.2272999286652,ec3770ae7f439181,run_learner,
21,2026-02-24T03:23:01.536100Z,2026-02-24T03:29:47.472800Z,2026-02-24T03:31:35.581400Z,,,7290254_21,joba4f8680970e75d50f4704f845baf620d.log_21,joba4f8680970e75d50f4704f845baf620d,01ab2d16-7901-48bb-bf49-080853d55947,21,405.936700105667,108.108599901199,ec3770ae7f439181,run_learner,
22,2026-02-24T03:23:01.536100Z,2026-02-24T03:29:56.325400Z,2026-02-24T03:31:21.643800Z,,,7290254_22,joba4f8680970e75d50f4704f845baf620d.log_22,joba4f8680970e75d50f4704f845baf620d,01ab2d16-7901-48bb-bf49-080853d55947,22,414.789300203323,85.3183999061585,ec3770ae7f439181,run_learner,
23,2026-02-24T03:23:01.536100Z,2026-02-24T03:29:54.298200Z,2026-02-24T03:31:13.329300Z,,,7290254_23,joba4f8680970e75d50f4704f845baf620d.log_23,joba4f8680970e75d50f4704f845baf620d,01ab2d16-7901-48bb-bf49-080853d55947,23,412.762099981308,79.0311000347138,ec3770ae7f439181,run_learner,
24,2026-02-24T03:23:01.536100Z,2026-02-24T03:29:52.385400Z,2026-02-24T03:32:05.134Z,,,7290254_24,joba4f8680970e75d50f4704f845baf620d.log_24,joba4f8680970e75d50f4704f845baf620d,01ab2d16-7901-48bb-bf49-080853d55947,24,410.849300146103,132.748600006104,ec3770ae7f439181,run_learner,
25,2026-02-24T03:23:01.536100Z,2026-02-24T03:29:48.304700Z,2026-02-24T03:31:38.175400Z,,,7290254_25,joba4f8680970e75d50f4704f845baf620d.log_25,joba4f8680970e75d50f4704f845baf620d,01ab2d16-7901-48bb-bf49-080853d55947,25,406.76859998703,109.870700120926,ec3770ae7f439181,run_learner,
26,2026-02-24T03:23:01.536100Z,2026-02-24T03:29:46.670900Z,2026-02-24T03:31:20.980600Z,,,7290254_26,joba4f8680970e75d50f4704f845baf620d.log_26,joba4f8680970e75d50f4704f845baf620d,01ab2d16-7901-48bb-bf49-080853d55947,26,405.134800195694,94.309700012207,ec3770ae7f439181,run_learner,
27,2026-02-24T03:23:01.536100Z,2026-02-24T03:29:50.365700Z,2026-02-24T03:32:05.524700Z,,,7290254_27,joba4f8680970e75d50f4704f845baf620d.log_27,joba4f8680970e75d50f4704f845baf620d,01ab2d16-7901-48bb-bf49-080853d55947,27,408.829600095749,135.158999919891,ec3770ae7f439181,run_learner,
28,2026-02-24T03:23:01.536100Z,2026-02-24T03:29:46.323400Z,2026-02-24T03:30:53.647Z,,,7290254_28,joba4f8680970e75d50f4704f845baf620d.log_28,joba4f8680970e75d50f4704f845baf620d,01ab2d16-7901-48bb-bf49-080853d55947,28,404.787300109863,67.3236000537872,ec3770ae7f439181,run_learner,
29,2026-02-24T03:23:01.536100Z,2026-02-24T03:29:46.286100Z,2026-02-24T03:31:09.522100Z,,,7290254_29,joba4f8680970e75d50f4704f845baf620d.log_29,joba4f8680970e75d50f4704f845baf620d,01ab2d16-7901-48bb-bf49-080853d55947,29,404.75,83.2360000610352,ec3770ae7f439181,run_learner,
30,2026-02-24T03:23:01.536100Z,2026-02-24T03:29:46.206800Z,2026-02-24T03:31:20.988900Z,,,7290254_30,joba4f8680970e75d50f4704f845baf620d.log_30,joba4f8680970e75d50f4704f845baf620d,01ab2d16-7901-48bb-bf49-080853d55947,30,404.670700073242,94.7820999622345,ec3770ae7f439181,run_learner,
31,2026-02-24T03:23:01.536100Z,2026-02-24T03:32:53.912400Z,2026-02-24T03:33:56.998400Z,,,7290254_31,joba4f8680970e75d50f4704f845baf620d.log_31,joba4f8680970e75d50f4704f845baf620d,01ab2d16-7901-48bb-bf49-080853d55947,31,592.376300096512,63.0859999656677,ec3770ae7f439181,run_learner,
32,2026-02-24T03:23:01.536100Z,2026-02-24T03:32:50.870300Z,2026-02-24T03:34:24.740Z,,,7290254_32,joba4f8680970e75d50f4704f845baf620d.log_32,joba4f8680970e75d50f4704f845baf620d,01ab2d16-7901-48bb-bf49-080853d55947,32,589.334200143814,93.8696999549866,ec3770ae7f439181,run_learner,
33,2026-02-24T03:23:01.536100Z,2026-02-24T03:32:56.948200Z,2026-02-24T03:34:46.973800Z,,,7290254_33,joba4f8680970e75d50f4704f845baf620d.log_33,joba4f8680970e75d50f4704f845baf620d,01ab2d16-7901-48bb-bf49-080853d55947,33,595.412100076675,110.025599956512,ec3770ae7f439181,run_learner,
34,2026-02-24T03:23:01.536100Z,2026-02-24T03:32:53.879600Z,2026-02-24T03:34:12.394400Z,,,7290254_34,joba4f8680970e75d50f4704f845baf620d.log_34,joba4f8680970e75d50f4704f845baf620d,01ab2d16-7901-48bb-bf49-080853d55947,34,592.343500137329,78.5147998332977,ec3770ae7f439181,run_learner,
35,2026-02-24T03:23:01.536100Z,2026-02-24T03:32:49.829600Z,2026-02-24T03:35:00.002900Z,,,7290254_35,joba4f8680970e75d50f4704f845baf620d.log_35,joba4f8680970e75d50f4704f845baf620d,01ab2d16-7901-48bb-bf49-080853d55947,35,588.293500185013,130.173299789429,ec3770ae7f439181,run_learner,
36,2026-02-24T03:23:01.536100Z,2026-02-24T03:32:54.960600Z,2026-02-24T03:35:19.345700Z,,,7290254_36,joba4f8680970e75d50f4704f845baf620d.log_36,joba4f8680970e75d50f4704f845baf620d,01ab2d16-7901-48bb-bf49-080853d55947,36,593.424499988556,144.385100126266,ec3770ae7f439181,run_learner,
37,2026-02-24T03:23:01.536100Z,2026-02-24T03:32:53.959600Z,2026-02-24T03:35:01.125300Z,,,7290254_37,joba4f8680970e75d50f4704f845baf620d.log_37,joba4f8680970e75d50f4704f845baf620d,01ab2d16-7901-48bb-bf49-080853d55947,37,592.423500061035,127.165699958801,ec3770ae7f439181,run_learner,
38,2026-02-24T03:23:01.536100Z,2026-02-24T03:32:48.880200Z,2026-02-24T03:34:48.225500Z,,,7290254_38,joba4f8680970e75d50f4704f845baf620d.log_38,joba4f8680970e75d50f4704f845baf620d,01ab2d16-7901-48bb-bf49-080853d55947,38,587.344099998474,119.345300197601,ec3770ae7f439181,run_learner,
39,2026-02-24T03:23:01.536100Z,2026-02-24T03:32:50.880700Z,2026-02-24T03:34:44.128100Z,,,7290254_39,joba4f8680970e75d50f4704f845baf620d.log_39,joba4f8680970e75d50f4704f845baf620d,01ab2d16-7901-48bb-bf49-080853d55947,39,589.344600200653,113.247399806976,ec3770ae7f439181,run_learner,
40,2026-02-24T03:23:01.536100Z,2026-02-24T03:32:48.882900Z,2026-02-24T03:33:46.571200Z,,,7290254_40,joba4f8680970e75d50f4704f845baf620d.log_40,joba4f8680970e75d50f4704f845baf620d,01ab2d16-7901-48bb-bf49-080853d55947,40,587.346800088883,57.6882998943329,ec3770ae7f439181,run_learner,
41,2026-02-24T03:23:01.536100Z,2026-02-24T03:35:01.719100Z,2026-02-24T03:36:33.609500Z,,,7290254_41,joba4f8680970e75d50f4704f845baf620d.log_41,joba4f8680970e75d50f4704f845baf620d,01ab2d16-7901-48bb-bf49-080853d55947,41,720.183000087738,91.8903999328613,ec3770ae7f439181,run_learner,
42,2026-02-24T03:23:01.536100Z,2026-02-24T03:35:03.729900Z,2026-02-24T03:37:01.709500Z,,,7290254_42,joba4f8680970e75d50f4704f845baf620d.log_42,joba4f8680970e75d50f4704f845baf620d,01ab2d16-7901-48bb-bf49-080853d55947,42,722.193799972534,117.979600191116,ec3770ae7f439181,run_learner,
43,2026-02-24T03:23:01.536100Z,2026-02-24T03:35:11.862600Z,2026-02-24T03:36:27.077800Z,,,7290254_43,joba4f8680970e75d50f4704f845baf620d.log_43,joba4f8680970e75d50f4704f845baf620d,01ab2d16-7901-48bb-bf49-080853d55947,43,730.326500177383,75.2151999473572,ec3770ae7f439181,run_learner,
44,2026-02-24T03:23:01.536100Z,2026-02-24T03:35:07.742900Z,2026-02-24T03:36:48.855300Z,,,7290254_44,joba4f8680970e75d50f4704f845baf620d.log_44,joba4f8680970e75d50f4704f845baf620d,01ab2d16-7901-48bb-bf49-080853d55947,44,726.206799983978,101.112400054932,ec3770ae7f439181,run_learner,
45,2026-02-24T03:23:01.536100Z,2026-02-24T03:35:03.810Z,2026-02-24T03:37:03.016100Z,,,7290254_45,joba4f8680970e75d50f4704f845baf620d.log_45,joba4f8680970e75d50f4704f845baf620d,01ab2d16-7901-48bb-bf49-080853d55947,45,722.273900032044,119.20609998703,ec3770ae7f439181,run_learner,
46,2026-02-24T03:23:01.536100Z,2026-02-24T03:35:05.800500Z,2026-02-24T03:36:27.750200Z,,,7290254_46,joba4f8680970e75d50f4704f845baf620d.log_46,joba4f8680970e75d50f4704f845baf620d,01ab2d16-7901-48bb-bf49-080853d55947,46,724.264400005341,81.9497001171112,ec3770ae7f439181,run_learner,
47,2026-02-24T03:23:01.536100Z,2026-02-24T03:35:01.782500Z,2026-02-24T03:36:39.054500Z,,,7290254_47,joba4f8680970e75d50f4704f845baf620d.log_47,joba4f8680970e75d50f4704f845baf620d,01ab2d16-7901-48bb-bf49-080853d55947,47,720.246400117874,97.2720000743866,ec3770ae7f439181,run_learner,
48,2026-02-24T03:23:01.536100Z,2026-02-24T03:35:03.720900Z,2026-02-24T03:36:50.387400Z,,,7290254_48,joba4f8680970e75d50f4704f845baf620d.log_48,joba4f8680970e75d50f4704f845baf620d,01ab2d16-7901-48bb-bf49-080853d55947,48,722.18480014801,106.666499853134,ec3770ae7f439181,run_learner,
49,2026-02-24T03:23:01.536100Z,2026-02-24T03:35:02.353100Z,2026-02-24T03:36:39.225800Z,,,7290254_49,joba4f8680970e75d50f4704f845baf620d.log_49,joba4f8680970e75d50f4704f845baf620d,01ab2d16-7901-48bb-bf49-080853d55947,49,720.817000150681,96.8726999759674,ec3770ae7f439181,run_learner,
50,2026-02-24T03:23:01.536100Z,2026-02-24T03:35:03.836400Z,2026-02-24T03:36:52.803500Z,,,7290254_50,joba4f8680970e75d50f4704f845baf620d.log_50,joba4f8680970e75d50f4704f845baf620d,01ab2d16-7901-48bb-bf49-080853d55947,50,722.300300121307,108.967099905014,ec3770ae7f439181,run_learner,
51,2026-02-24T03:23:01.536100Z,2026-02-24T03:35:03.723700Z,2026-02-24T03:36:42.954100Z,,,7290254_51,joba4f8680970e75d50f4704f845baf620d.log_51,joba4f8680970e75d50f4704f845baf620d,01ab2d16-7901-48bb-bf49-080853d55947,51,722.187600135803,99.2303998470307,ec3770ae7f439181,run_learner,
52,2026-02-24T03:23:01.536100Z,2026-02-24T03:35:09.714800Z,2026-02-24T03:36:32.956400Z,,,7290254_52,joba4f8680970e75d50f4704f845baf620d.log_52,joba4f8680970e75d50f4704f845baf620d,01ab2d16-7901-48bb-bf49-080853d55947,52,728.178699970245,83.2416000366211,ec3770ae7f439181,run_learner,
53,2026-02-24T03:23:01.536100Z,2026-02-24T03:35:11.759900Z,2026-02-24T03:36:51.260800Z,,,7290254_53,joba4f8680970e75d50f4704f845baf620d.log_53,joba4f8680970e75d50f4704f845baf620d,01ab2d16-7901-48bb-bf49-080853d55947,53,730.223800182343,99.5008997917175,ec3770ae7f439181,run_learner,
54,2026-02-24T03:23:01.536100Z,2026-02-24T03:35:09.870400Z,2026-02-24T03:36:56.025700Z,,,7290254_54,joba4f8680970e75d50f4704f845baf620d.log_54,joba4f8680970e75d50f4704f845baf620d,01ab2d16-7901-48bb-bf49-080853d55947,54,728.334300041199,106.155300140381,ec3770ae7f439181,run_learner,
55,2026-02-24T03:23:01.536100Z,2026-02-24T03:35:02.125400Z,2026-02-24T03:38:10.720500Z,,,7290254_55,joba4f8680970e75d50f4704f845baf620d.log_55,joba4f8680970e75d50f4704f845baf620d,01ab2d16-7901-48bb-bf49-080853d55947,55,720.58930015564,188.595099925995,ec3770ae7f439181,run_learner,
56,2026-02-24T03:23:01.536100Z,2026-02-24T03:35:14.259300Z,2026-02-24T03:38:18.302600Z,,,7290254_56,joba4f8680970e75d50f4704f845baf620d.log_56,joba4f8680970e75d50f4704f845baf620d,01ab2d16-7901-48bb-bf49-080853d55947,56,732.723200082779,184.043299913406,ec3770ae7f439181,run_learner,
57,2026-02-24T03:23:01.536100Z,2026-02-24T03:35:07.984200Z,2026-02-24T03:38:45.593200Z,,,7290254_57,joba4f8680970e75d50f4704f845baf620d.log_57,joba4f8680970e75d50f4704f845baf620d,01ab2d16-7901-48bb-bf49-080853d55947,57,726.448100090027,217.608999967575,ec3770ae7f439181,run_learner,
58,2026-02-24T03:23:01.536100Z,2026-02-24T03:35:05.926800Z,2026-02-24T03:37:54.974500Z,,,7290254_58,joba4f8680970e75d50f4704f845baf620d.log_58,joba4f8680970e75d50f4704f845baf620d,01ab2d16-7901-48bb-bf49-080853d55947,58,724.390700101852,169.047699928284,ec3770ae7f439181,run_learner,
59,2026-02-24T03:23:01.536100Z,2026-02-24T03:35:12.187400Z,2026-02-24T03:38:05.877200Z,,,7290254_59,joba4f8680970e75d50f4704f845baf620d.log_59,joba4f8680970e75d50f4704f845baf620d,01ab2d16-7901-48bb-bf49-080853d55947,59,730.651300191879,173.689799785614,ec3770ae7f439181,run_learner,
60,2026-02-24T03:23:01.536100Z,2026-02-24T03:35:03.901600Z,2026-02-24T03:38:38.811700Z,,,7290254_60,joba4f8680970e75d50f4704f845baf620d.log_60,joba4f8680970e75d50f4704f845baf620d,01ab2d16-7901-48bb-bf49-080853d55947,60,722.365499973297,214.910100221634,ec3770ae7f439181,run_learner,
61,2026-02-24T03:23:01.536100Z,2026-02-24T03:35:04.016300Z,2026-02-24T03:36:18.834500Z,,,7290254_61,joba4f8680970e75d50f4704f845baf620d.log_61,joba4f8680970e75d50f4704f845baf620d,01ab2d16-7901-48bb-bf49-080853d55947,61,722.480200052261,74.8182001113892,ec3770ae7f439181,run_learner,
62,2026-02-24T03:23:01.536100Z,2026-02-24T03:35:03.732400Z,2026-02-24T03:36:16.231600Z,,,7290254_62,joba4f8680970e75d50f4704f845baf620d.log_62,joba4f8680970e75d50f4704f845baf620d,01ab2d16-7901-48bb-bf49-080853d55947,62,722.196300029755,72.4992001056671,ec3770ae7f439181,run_learner,
63,2026-02-24T03:23:01.536100Z,2026-02-24T03:35:01.753400Z,2026-02-24T03:36:28.401200Z,,,7290254_63,joba4f8680970e75d50f4704f845baf620d.log_63,joba4f8680970e75d50f4704f845baf620d,01ab2d16-7901-48bb-bf49-080853d55947,63,720.217300176621,86.6477999687195,ec3770ae7f439181,run_learner,
64,2026-02-24T03:23:01.536100Z,2026-02-24T03:35:01.730Z,2026-02-24T03:36:22.045300Z,,,7290254_64,joba4f8680970e75d50f4704f845baf620d.log_64,joba4f8680970e75d50f4704f845baf620d,01ab2d16-7901-48bb-bf49-080853d55947,64,720.193900108338,80.315299987793,ec3770ae7f439181,run_learner,
65,2026-02-24T03:23:01.536100Z,2026-02-24T03:35:07.803900Z,2026-02-24T03:36:37.185700Z,,,7290254_65,joba4f8680970e75d50f4704f845baf620d.log_65,joba4f8680970e75d50f4704f845baf620d,01ab2d16-7901-48bb-bf49-080853d55947,65,726.267800092697,89.3817999362946,ec3770ae7f439181,run_learner,
66,2026-02-24T03:23:01.536100Z,2026-02-24T03:35:03.750Z,2026-02-24T03:36:28.093600Z,,,7290254_66,joba4f8680970e75d50f4704f845baf620d.log_66,joba4f8680970e75d50f4704f845baf620d,01ab2d16-7901-48bb-bf49-080853d55947,66,722.213900089264,84.3436000347137,ec3770ae7f439181,run_learner,
67,2026-02-24T03:23:01.536100Z,2026-02-24T03:35:05.786400Z,2026-02-24T03:36:24.764800Z,,,7290254_67,joba4f8680970e75d50f4704f845baf620d.log_67,joba4f8680970e75d50f4704f845baf620d,01ab2d16-7901-48bb-bf49-080853d55947,67,724.250300168991,78.9783999919891,ec3770ae7f439181,run_learner,
68,2026-02-24T03:23:01.536100Z,2026-02-24T03:35:05.779200Z,2026-02-24T03:36:18.587900Z,,,7290254_68,joba4f8680970e75d50f4704f845baf620d.log_68,joba4f8680970e75d50f4704f845baf620d,01ab2d16-7901-48bb-bf49-080853d55947,68,724.243100166321,72.8086998462677,ec3770ae7f439181,run_learner,
69,2026-02-24T03:23:01.536100Z,2026-02-24T03:35:03.928800Z,2026-02-24T03:36:17.051800Z,,,7290254_69,joba4f8680970e75d50f4704f845baf620d.log_69,joba4f8680970e75d50f4704f845baf620d,01ab2d16-7901-48bb-bf49-080853d55947,69,722.392700195313,73.1229999065399,ec3770ae7f439181,run_learner,
70,2026-02-24T03:23:01.536100Z,2026-02-24T03:35:01.924400Z,2026-02-24T03:36:07.534600Z,,,7290254_70,joba4f8680970e75d50f4704f845baf620d.log_70,joba4f8680970e75d50f4704f845baf620d,01ab2d16-7901-48bb-bf49-080853d55947,70,720.388300180435,65.6101999282837,ec3770ae7f439181,run_learner,
71,2026-02-24T03:23:01.536100Z,2026-02-24T03:35:03.731Z,2026-02-24T03:36:10.000700Z,,,7290254_71,joba4f8680970e75d50f4704f845baf620d.log_71,joba4f8680970e75d50f4704f845baf620d,01ab2d16-7901-48bb-bf49-080853d55947,71,722.194900035858,66.269700050354,ec3770ae7f439181,run_learner,
72,2026-02-24T03:23:01.536100Z,2026-02-24T03:35:07.923500Z,2026-02-24T03:36:26.789900Z,,,7290254_72,joba4f8680970e75d50f4704f845baf620d.log_72,joba4f8680970e75d50f4704f845baf620d,01ab2d16-7901-48bb-bf49-080853d55947,72,726.387400150299,78.8664000034332,ec3770ae7f439181,run_learner,
73,2026-02-24T03:23:01.536100Z,2026-02-24T03:35:11.971800Z,2026-02-24T03:36:38.493800Z,,,7290254_73,joba4f8680970e75d50f4704f845baf620d.log_73,joba4f8680970e75d50f4704f845baf620d,01ab2d16-7901-48bb-bf49-080853d55947,73,730.435700178146,86.521999835968,ec3770ae7f439181,run_learner,
74,2026-02-24T03:23:01.536100Z,2026-02-24T03:35:03.871200Z,2026-02-24T03:36:56.847300Z,,,7290254_74,joba4f8680970e75d50f4704f845baf620d.log_74,joba4f8680970e75d50f4704f845baf620d,01ab2d16-7901-48bb-bf49-080853d55947,74,722.33510017395,112.976099967957,ec3770ae7f439181,run_learner,
75,2026-02-24T03:23:01.536100Z,2026-02-24T03:35:10.028200Z,2026-02-24T03:36:50.697200Z,,,7290254_75,joba4f8680970e75d50f4704f845baf620d.log_75,joba4f8680970e75d50f4704f845baf620d,01ab2d16-7901-48bb-bf49-080853d55947,75,728.492100000381,100.669000148773,ec3770ae7f439181,run_learner,
76,2026-02-24T03:23:01.536100Z,2026-02-24T03:35:05.913900Z,2026-02-24T03:36:51.483500Z,,,7290254_76,joba4f8680970e75d50f4704f845baf620d.log_76,joba4f8680970e75d50f4704f845baf620d,01ab2d16-7901-48bb-bf49-080853d55947,76,724.377799987793,105.569600105286,ec3770ae7f439181,run_learner,
77,2026-02-24T03:23:01.536100Z,2026-02-24T03:35:02.070200Z,2026-02-24T03:36:44.353200Z,,,7290254_77,joba4f8680970e75d50f4704f845baf620d.log_77,joba4f8680970e75d50f4704f845baf620d,01ab2d16-7901-48bb-bf49-080853d55947,77,720.534100055695,102.282999992371,ec3770ae7f439181,run_learner,
78,2026-02-24T03:23:01.536100Z,2026-02-24T03:35:10.184500Z,2026-02-24T03:37:09.362300Z,,,7290254_78,joba4f8680970e75d50f4704f845baf620d.log_78,joba4f8680970e75d50f4704f845baf620d,01ab2d16-7901-48bb-bf49-080853d55947,78,728.648400068283,119.177799940109,ec3770ae7f439181,run_learner,
79,2026-02-24T03:23:01.536100Z,2026-02-24T03:35:08.129100Z,2026-02-24T03:37:00.880700Z,,,7290254_79,joba4f8680970e75d50f4704f845baf620d.log_79,joba4f8680970e75d50f4704f845baf620d,01ab2d16-7901-48bb-bf49-080853d55947,79,726.593000173569,112.751600027084,ec3770ae7f439181,run_learner,
80,2026-02-24T03:23:01.536100Z,2026-02-24T03:35:02.383600Z,2026-02-24T03:37:00.280400Z,,,7290254_80,joba4f8680970e75d50f4704f845baf620d.log_80,joba4f8680970e75d50f4704f845baf620d,01ab2d16-7901-48bb-bf49-080853d55947,80,720.847500085831,117.896800041199,ec3770ae7f439181,run_learner,
81,2026-02-24T03:23:01.536100Z,2026-02-24T03:35:06.218800Z,2026-02-24T03:37:03.457700Z,,,7290254_81,joba4f8680970e75d50f4704f845baf620d.log_81,joba4f8680970e75d50f4704f845baf620d,01ab2d16-7901-48bb-bf49-080853d55947,81,724.682700157166,117.238899946213,ec3770ae7f439181,run_learner,
82,2026-02-24T03:23:01.536100Z,2026-02-24T03:35:18.413700Z,2026-02-24T03:37:06.426700Z,,,7290254_82,joba4f8680970e75d50f4704f845baf620d.log_82,joba4f8680970e75d50f4704f845baf620d,01ab2d16-7901-48bb-bf49-080853d55947,82,736.877600193024,108.013000011444,ec3770ae7f439181,run_learner,
83,2026-02-24T03:23:01.536100Z,2026-02-24T03:35:06.465800Z,2026-02-24T03:37:04.144500Z,,,7290254_83,joba4f8680970e75d50f4704f845baf620d.log_83,joba4f8680970e75d50f4704f845baf620d,01ab2d16-7901-48bb-bf49-080853d55947,83,724.929700136185,117.678699970245,ec3770ae7f439181,run_learner,
84,2026-02-24T03:23:01.536100Z,2026-02-24T03:35:16.423200Z,2026-02-24T03:36:55.260800Z,,,7290254_84,joba4f8680970e75d50f4704f845baf620d.log_84,joba4f8680970e75d50f4704f845baf620d,01ab2d16-7901-48bb-bf49-080853d55947,84,734.887099981308,98.8375999927521,ec3770ae7f439181,run_learner,
85,2026-02-24T03:23:01.536100Z,2026-02-24T03:35:12.166500Z,2026-02-24T03:36:38.872600Z,,,7290254_85,joba4f8680970e75d50f4704f845baf620d.log_85,joba4f8680970e75d50f4704f845baf620d,01ab2d16-7901-48bb-bf49-080853d55947,85,730.630400180817,86.70609998703,ec3770ae7f439181,run_learner,
86,2026-02-24T03:23:01.536100Z,2026-02-24T03:35:08.448600Z,2026-02-24T03:36:57.438400Z,,,7290254_86,joba4f8680970e75d50f4704f845baf620d.log_86,joba4f8680970e75d50f4704f845baf620d,01ab2d16-7901-48bb-bf49-080853d55947,86,726.912500143051,108.989799976349,ec3770ae7f439181,run_learner,
87,2026-02-24T03:23:01.536100Z,2026-02-24T03:35:14.226700Z,2026-02-24T03:36:29.712200Z,,,7290254_87,joba4f8680970e75d50f4704f845baf620d.log_87,joba4f8680970e75d50f4704f845baf620d,01ab2d16-7901-48bb-bf49-080853d55947,87,732.690600156784,75.4854998588562,ec3770ae7f439181,run_learner,
88,2026-02-24T03:23:01.536100Z,2026-02-24T03:35:04.274100Z,2026-02-24T03:36:15.976700Z,,,7290254_88,joba4f8680970e75d50f4704f845baf620d.log_88,joba4f8680970e75d50f4704f845baf620d,01ab2d16-7901-48bb-bf49-080853d55947,88,722.738000154495,71.7026000022888,ec3770ae7f439181,run_learner,
89,2026-02-24T03:23:01.536100Z,2026-02-24T03:35:10.393600Z,2026-02-24T03:36:48.243100Z,,,7290254_89,joba4f8680970e75d50f4704f845baf620d.log_89,joba4f8680970e75d50f4704f845baf620d,01ab2d16-7901-48bb-bf49-080853d55947,89,728.857500076294,97.8494999408722,ec3770ae7f439181,run_learner,
90,2026-02-24T03:23:01.536100Z,2026-02-24T03:35:04.315400Z,2026-02-24T03:37:04.533400Z,,,7290254_90,joba4f8680970e75d50f4704f845baf620d.log_90,joba4f8680970e75d50f4704f845baf620d,01ab2d16-7901-48bb-bf49-080853d55947,90,722.779299974442,120.218000173569,ec3770ae7f439181,run_learner,
91,2026-02-24T03:23:01.536100Z,2026-02-24T03:35:08.370700Z,2026-02-24T03:37:02.990500Z,,,7290254_91,joba4f8680970e75d50f4704f845baf620d.log_91,joba4f8680970e75d50f4704f845baf620d,01ab2d16-7901-48bb-bf49-080853d55947,91,726.834599971771,114.61980009079,ec3770ae7f439181,run_learner,
92,2026-02-24T03:23:01.536100Z,2026-02-24T03:35:04.314400Z,2026-02-24T03:36:36.172200Z,,,7290254_92,joba4f8680970e75d50f4704f845baf620d.log_92,joba4f8680970e75d50f4704f845baf620d,01ab2d16-7901-48bb-bf49-080853d55947,92,722.778300046921,91.8578000068665,ec3770ae7f439181,run_learner,
93,2026-02-24T03:23:01.536100Z,2026-02-24T03:35:06.296200Z,2026-02-24T03:36:12.001500Z,,,7290254_93,joba4f8680970e75d50f4704f845baf620d.log_93,joba4f8680970e75d50f4704f845baf620d,01ab2d16-7901-48bb-bf49-080853d55947,93,724.760100126267,65.7052998542786,ec3770ae7f439181,run_learner,
94,2026-02-24T03:23:01.536100Z,2026-02-24T03:35:02.517200Z,2026-02-24T03:36:06.501800Z,,,7290254_94,joba4f8680970e75d50f4704f845baf620d.log_94,joba4f8680970e75d50f4704f845baf620d,01ab2d16-7901-48bb-bf49-080853d55947,94,720.981100082398,63.9846000671387,ec3770ae7f439181,run_learner,
95,2026-02-24T03:23:01.536100Z,2026-02-24T03:35:04.326400Z,2026-02-24T03:37:17.644600Z,,,7290254_95,joba4f8680970e75d50f4704f845baf620d.log_95,joba4f8680970e75d50f4704f845baf620d,01ab2d16-7901-48bb-bf49-080853d55947,95,722.790300130844,133.318199872971,ec3770ae7f439181,run_learner,
96,2026-02-24T03:23:01.536100Z,2026-02-24T03:35:04.323500Z,2026-02-24T03:37:31.379400Z,,,7290254_96,joba4f8680970e75d50f4704f845baf620d.log_96,joba4f8680970e75d50f4704f845baf620d,01ab2d16-7901-48bb-bf49-080853d55947,96,722.787400007248,147.055900096893,ec3770ae7f439181,run_learner,
97,2026-02-24T03:23:01.536100Z,2026-02-24T03:35:08.622600Z,2026-02-24T03:37:30.558Z,,,7290254_97,joba4f8680970e75d50f4704f845baf620d.log_97,joba4f8680970e75d50f4704f845baf620d,01ab2d16-7901-48bb-bf49-080853d55947,97,727.086500167847,141.935400009155,ec3770ae7f439181,run_learner,
98,2026-02-24T03:23:01.536100Z,2026-02-24T03:35:04.334400Z,2026-02-24T03:37:19.410500Z,,,7290254_98,joba4f8680970e75d50f4704f845baf620d.log_98,joba4f8680970e75d50f4704f845baf620d,01ab2d16-7901-48bb-bf49-080853d55947,98,722.798300027847,135.076100111008,ec3770ae7f439181,run_learner,
99,2026-02-24T03:23:01.536100Z,2026-02-24T03:35:10.649500Z,2026-02-24T03:37:39.664700Z,,,7290254_99,joba4f8680970e75d50f4704f845baf620d.log_99,joba4f8680970e75d50f4704f845baf620d,01ab2d16-7901-48bb-bf49-080853d55947,99,729.113399982452,149.015200138092,ec3770ae7f439181,run_learner,
100,2026-02-24T03:23:01.536100Z,2026-02-24T03:35:02.509300Z,2026-02-24T03:37:24.657100Z,,,7290254_100,joba4f8680970e75d50f4704f845baf620d.log_100,joba4f8680970e75d50f4704f845baf620d,01ab2d16-7901-48bb-bf49-080853d55947,100,720.973200082779,142.14779996872,ec3770ae7f439181,run_learner,
101,2026-02-24T03:23:01.536100Z,2026-02-24T03:35:04.316Z,2026-02-24T03:36:35.373900Z,,,7290254_101,joba4f8680970e75d50f4704f845baf620d.log_101,joba4f8680970e75d50f4704f845baf620d,01ab2d16-7901-48bb-bf49-080853d55947,101,722.779900074005,91.0578999519348,ec3770ae7f439181,run_learner,
102,2026-02-24T03:23:01.536100Z,2026-02-24T03:35:14.454500Z,2026-02-24T03:36:44.753100Z,,,7290254_102,joba4f8680970e75d50f4704f845baf620d.log_102,joba4f8680970e75d50f4704f845baf620d,01ab2d16-7901-48bb-bf49-080853d55947,102,732.91840004921,90.2985999584198,ec3770ae7f439181,run_learner,
103,2026-02-24T03:23:01.536100Z,2026-02-24T03:35:06.337500Z,2026-02-24T03:36:38.213900Z,,,7290254_103,joba4f8680970e75d50f4704f845baf620d.log_103,joba4f8680970e75d50f4704f845baf620d,01ab2d16-7901-48bb-bf49-080853d55947,103,724.801400184631,91.8763999938965,ec3770ae7f439181,run_learner,
104,2026-02-24T03:23:01.536100Z,2026-02-24T03:35:04.317Z,2026-02-24T03:36:41.190Z,,,7290254_104,joba4f8680970e75d50f4704f845baf620d.log_104,joba4f8680970e75d50f4704f845baf620d,01ab2d16-7901-48bb-bf49-080853d55947,104,722.780900001526,96.8730001449585,ec3770ae7f439181,run_learner,
105,2026-02-24T03:23:01.536100Z,2026-02-24T03:35:08.377900Z,2026-02-24T03:36:46.942300Z,,,7290254_105,joba4f8680970e75d50f4704f845baf620d.log_105,joba4f8680970e75d50f4704f845baf620d,01ab2d16-7901-48bb-bf49-080853d55947,105,726.841799974442,98.5644001960755,ec3770ae7f439181,run_learner,
106,2026-02-24T03:23:01.536100Z,2026-02-24T03:35:12.456800Z,2026-02-24T03:36:39.786600Z,,,7290254_106,joba4f8680970e75d50f4704f845baf620d.log_106,joba4f8680970e75d50f4704f845baf620d,01ab2d16-7901-48bb-bf49-080853d55947,106,730.920700073242,87.3298001289368,ec3770ae7f439181,run_learner,
107,2026-02-24T03:23:01.536100Z,2026-02-24T03:35:02.510500Z,2026-02-24T03:36:23.426400Z,,,7290254_107,joba4f8680970e75d50f4704f845baf620d.log_107,joba4f8680970e75d50f4704f845baf620d,01ab2d16-7901-48bb-bf49-080853d55947,107,720.974400043488,80.9158999919892,ec3770ae7f439181,run_learner,
108,2026-02-24T03:23:01.536100Z,2026-02-24T03:35:02.510300Z,2026-02-24T03:36:37.115500Z,,,7290254_108,joba4f8680970e75d50f4704f845baf620d.log_108,joba4f8680970e75d50f4704f845baf620d,01ab2d16-7901-48bb-bf49-080853d55947,108,720.9742000103,94.6052000522613,ec3770ae7f439181,run_learner,
109,2026-02-24T03:23:01.536100Z,2026-02-24T03:35:02.130700Z,2026-02-24T03:36:28.918300Z,,,7290254_109,joba4f8680970e75d50f4704f845baf620d.log_109,joba4f8680970e75d50f4704f845baf620d,01ab2d16-7901-48bb-bf49-080853d55947,109,720.594600200653,86.7875998020172,ec3770ae7f439181,run_learner,
110,2026-02-24T03:23:01.536100Z,2026-02-24T03:35:02.030Z,2026-02-24T03:36:10.378800Z,,,7290254_110,joba4f8680970e75d50f4704f845baf620d.log_110,joba4f8680970e75d50f4704f845baf620d,01ab2d16-7901-48bb-bf49-080853d55947,110,720.493900060654,68.348799943924,ec3770ae7f439181,run_learner,
111,2026-02-24T03:23:01.536100Z,2026-02-24T03:35:01.944800Z,2026-02-24T03:36:17.900500Z,,,7290254_111,joba4f8680970e75d50f4704f845baf620d.log_111,joba4f8680970e75d50f4704f845baf620d,01ab2d16-7901-48bb-bf49-080853d55947,111,720.408699989319,75.9557001590729,ec3770ae7f439181,run_learner,
112,2026-02-24T03:23:01.536100Z,2026-02-24T03:35:02.925100Z,2026-02-24T03:36:09.272100Z,,,7290254_112,joba4f8680970e75d50f4704f845baf620d.log_112,joba4f8680970e75d50f4704f845baf620d,01ab2d16-7901-48bb-bf49-080853d55947,112,721.389000177384,66.3469998836517,ec3770ae7f439181,run_learner,
113,2026-02-24T03:23:01.536100Z,2026-02-24T03:35:03.807800Z,2026-02-24T03:36:07.820600Z,,,7290254_113,joba4f8680970e75d50f4704f845baf620d.log_113,joba4f8680970e75d50f4704f845baf620d,01ab2d16-7901-48bb-bf49-080853d55947,113,722.271700143814,64.0127999782562,ec3770ae7f439181,run_learner,
114,2026-02-24T03:23:01.536100Z,2026-02-24T03:35:05.866400Z,2026-02-24T03:36:36.931600Z,,,7290254_114,joba4f8680970e75d50f4704f845baf620d.log_114,joba4f8680970e75d50f4704f845baf620d,01ab2d16-7901-48bb-bf49-080853d55947,114,724.330300092697,91.0652000904083,ec3770ae7f439181,run_learner,
115,2026-02-24T03:23:01.536100Z,2026-02-24T03:35:01.953300Z,2026-02-24T03:36:10.661300Z,,,7290254_115,joba4f8680970e75d50f4704f845baf620d.log_115,joba4f8680970e75d50f4704f845baf620d,01ab2d16-7901-48bb-bf49-080853d55947,115,720.417200088501,68.7079999446869,ec3770ae7f439181,run_learner,
116,2026-02-24T03:23:01.536100Z,2026-02-24T03:35:05.954Z,2026-02-24T03:36:10.639900Z,,,7290254_116,joba4f8680970e75d50f4704f845baf620d.log_116,joba4f8680970e75d50f4704f845baf620d,01ab2d16-7901-48bb-bf49-080853d55947,116,724.417900085449,64.6858999729157,ec3770ae7f439181,run_learner,
117,2026-02-24T03:23:01.536100Z,2026-02-24T03:35:03.956900Z,2026-02-24T03:36:22.853700Z,,,7290254_117,joba4f8680970e75d50f4704f845baf620d.log_117,joba4f8680970e75d50f4704f845baf620d,01ab2d16-7901-48bb-bf49-080853d55947,117,722.420799970627,78.8968000411987,ec3770ae7f439181,run_learner,
118,2026-02-24T03:23:01.536100Z,2026-02-24T03:35:05.977200Z,2026-02-24T03:36:25.923400Z,,,7290254_118,joba4f8680970e75d50f4704f845baf620d.log_118,joba4f8680970e75d50f4704f845baf620d,01ab2d16-7901-48bb-bf49-080853d55947,118,724.441100120544,79.9461998939514,ec3770ae7f439181,run_learner,
119,2026-02-24T03:23:01.536100Z,2026-02-24T03:35:02.003500Z,2026-02-24T03:36:12.321600Z,,,7290254_119,joba4f8680970e75d50f4704f845baf620d.log_119,joba4f8680970e75d50f4704f845baf620d,01ab2d16-7901-48bb-bf49-080853d55947,119,720.467400074005,70.3180999755859,ec3770ae7f439181,run_learner,
120,2026-02-24T03:23:01.536100Z,2026-02-24T03:35:03.796700Z,2026-02-24T03:36:21.585700Z,,,7290254_120,joba4f8680970e75d50f4704f845baf620d.log_120,joba4f8680970e75d50f4704f845baf620d,01ab2d16-7901-48bb-bf49-080853d55947,120,722.260600090027,77.7890000343323,ec3770ae7f439181,run_learner,
121,2026-02-24T03:23:01.536100Z,2026-02-24T03:35:03.766Z,2026-02-24T03:35:04.458300Z,,,7290254_121,joba4f8680970e75d50f4704f845baf620d.log_121,joba4f8680970e75d50f4704f845baf620d,00055f35-837e-4063-837b-767be8fc5a7f,1,722.229900121689,0.692300081253052,ec3770ae7f439181,run_learner,
122,2026-02-24T03:23:01.536100Z,2026-02-24T03:35:01.952900Z,2026-02-24T03:35:02.835600Z,,,7290254_122,joba4f8680970e75d50f4704f845baf620d.log_122,joba4f8680970e75d50f4704f845baf620d,00055f35-837e-4063-837b-767be8fc5a7f,2,720.416800022125,0.882699966430664,ec3770ae7f439181,run_learner,
123,2026-02-24T03:23:01.536100Z,2026-02-24T03:35:03.826Z,2026-02-24T03:35:04.586700Z,,,7290254_123,joba4f8680970e75d50f4704f845baf620d.log_123,joba4f8680970e75d50f4704f845baf620d,00055f35-837e-4063-837b-767be8fc5a7f,3,722.289900064468,0.760699987411499,ec3770ae7f439181,run_learner,
124,2026-02-24T03:23:01.536100Z,2026-02-24T03:35:01.987900Z,2026-02-24T03:35:02.886Z,,,7290254_124,joba4f8680970e75d50f4704f845baf620d.log_124,joba4f8680970e75d50f4704f845baf620d,00055f35-837e-4063-837b-767be8fc5a7f,4,720.451800107956,0.898099899291992,ec3770ae7f439181,run_learner,
125,2026-02-24T03:23:01.536100Z,2026-02-24T03:35:03.945500Z,2026-02-24T03:35:04.836600Z,,,7290254_125,joba4f8680970e75d50f4704f845baf620d.log_125,joba4f8680970e75d50f4704f845baf620d,00055f35-837e-4063-837b-767be8fc5a7f,5,722.409399986267,0.891100168228149,ec3770ae7f439181,run_learner,
126,2026-02-24T03:23:01.536100Z,2026-02-24T03:35:03.886500Z,2026-02-24T03:35:04.700100Z,,,7290254_126,joba4f8680970e75d50f4704f845baf620d.log_126,joba4f8680970e75d50f4704f845baf620d,00055f35-837e-4063-837b-767be8fc5a7f,6,722.350399971008,0.813600063323975,ec3770ae7f439181,run_learner,
127,2026-02-24T03:23:01.536100Z,2026-02-24T03:35:02.037900Z,2026-02-24T03:35:02.925200Z,,,7290254_127,joba4f8680970e75d50f4704f845baf620d.log_127,joba4f8680970e75d50f4704f845baf620d,00055f35-837e-4063-837b-767be8fc5a7f,7,720.501800060272,0.88730001449585,ec3770ae7f439181,run_learner,
128,2026-02-24T03:23:01.536100Z,2026-02-24T03:35:01.953400Z,2026-02-24T03:35:02.909700Z,,,7290254_128,joba4f8680970e75d50f4704f845baf620d.log_128,joba4f8680970e75d50f4704f845baf620d,00055f35-837e-4063-837b-767be8fc5a7f,8,720.417299985886,0.956300020217896,ec3770ae7f439181,run_learner,
129,2026-02-24T03:23:01.536100Z,2026-02-24T03:35:02.545Z,2026-02-24T03:35:03.504600Z,,,7290254_129,joba4f8680970e75d50f4704f845baf620d.log_129,joba4f8680970e75d50f4704f845baf620d,00055f35-837e-4063-837b-767be8fc5a7f,9,721.008900165558,0.95959997177124,ec3770ae7f439181,run_learner,
130,2026-02-24T03:23:01.536100Z,2026-02-24T03:35:06.306800Z,2026-02-24T03:35:07.087500Z,,,7290254_130,joba4f8680970e75d50f4704f845baf620d.log_130,joba4f8680970e75d50f4704f845baf620d,00055f35-837e-4063-837b-767be8fc5a7f,10,724.770699977875,0.780700206756592,ec3770ae7f439181,run_learner,
131,2026-02-24T03:23:01.536100Z,2026-02-24T03:35:04.307500Z,2026-02-24T03:35:05.109200Z,,,7290254_131,joba4f8680970e75d50f4704f845baf620d.log_131,joba4f8680970e75d50f4704f845baf620d,00055f35-837e-4063-837b-767be8fc5a7f,11,722.771399974823,0.801700115203857,ec3770ae7f439181,run_learner,
132,2026-02-24T03:23:01.536100Z,2026-02-24T03:35:02.545100Z,2026-02-24T03:35:03.512Z,,,7290254_132,joba4f8680970e75d50f4704f845baf620d.log_132,joba4f8680970e75d50f4704f845baf620d,00055f35-837e-4063-837b-767be8fc5a7f,12,721.009000062943,0.966900110244751,ec3770ae7f439181,run_learner,
133,2026-02-24T03:23:01.536100Z,2026-02-24T03:35:02.542300Z,2026-02-24T03:35:03.487900Z,,,7290254_133,joba4f8680970e75d50f4704f845baf620d.log_133,joba4f8680970e75d50f4704f845baf620d,00055f35-837e-4063-837b-767be8fc5a7f,13,721.00620007515,0.945600032806396,ec3770ae7f439181,run_learner,
134,2026-02-24T03:23:01.536100Z,2026-02-24T03:35:08.285900Z,2026-02-24T03:35:08.979800Z,,,7290254_134,joba4f8680970e75d50f4704f845baf620d.log_134,joba4f8680970e75d50f4704f845baf620d,00055f35-837e-4063-837b-767be8fc5a7f,14,726.749800205231,0.693899869918823,ec3770ae7f439181,run_learner,
135,2026-02-24T03:23:01.536100Z,2026-02-24T03:35:04.309100Z,2026-02-24T03:35:05.068500Z,,,7290254_135,joba4f8680970e75d50f4704f845baf620d.log_135,joba4f8680970e75d50f4704f845baf620d,00055f35-837e-4063-837b-767be8fc5a7f,15,722.773000001907,0.759400129318237,ec3770ae7f439181,run_learner,
136,2026-02-24T03:23:01.536100Z,2026-02-24T03:35:06.303Z,2026-02-24T03:35:07.055100Z,,,7290254_136,joba4f8680970e75d50f4704f845baf620d.log_136,joba4f8680970e75d50f4704f845baf620d,00055f35-837e-4063-837b-767be8fc5a7f,16,724.766900062561,0.752099990844727,ec3770ae7f439181,run_learner,
137,2026-02-24T03:23:01.536100Z,2026-02-24T03:35:06.297300Z,2026-02-24T03:35:07.027600Z,,,7290254_137,joba4f8680970e75d50f4704f845baf620d.log_137,joba4f8680970e75d50f4704f845baf620d,00055f35-837e-4063-837b-767be8fc5a7f,17,724.761200189591,0.730299949645996,ec3770ae7f439181,run_learner,
138,2026-02-24T03:23:01.536100Z,2026-02-24T03:35:10.297600Z,2026-02-24T03:35:10.994500Z,,,7290254_138,joba4f8680970e75d50f4704f845baf620d.log_138,joba4f8680970e75d50f4704f845baf620d,00055f35-837e-4063-837b-767be8fc5a7f,18,728.761500120163,0.696899890899658,ec3770ae7f439181,run_learner,
139,2026-02-24T03:23:01.536100Z,2026-02-24T03:35:02.542400Z,2026-02-24T03:35:03.487800Z,,,7290254_139,joba4f8680970e75d50f4704f845baf620d.log_139,joba4f8680970e75d50f4704f845baf620d,00055f35-837e-4063-837b-767be8fc5a7f,19,721.006299972534,0.94539999961853,ec3770ae7f439181,run_learner,
140,2026-02-24T03:23:01.536100Z,2026-02-24T03:35:04.303500Z,2026-02-24T03:35:05.071Z,,,7290254_140,joba4f8680970e75d50f4704f845baf620d.log_140,joba4f8680970e75d50f4704f845baf620d,00055f35-837e-4063-837b-767be8fc5a7f,20,722.767400026321,0.767500162124634,ec3770ae7f439181,run_learner,
141,2026-02-24T03:23:01.536100Z,2026-02-24T03:35:02.545200Z,2026-02-24T03:35:03.521700Z,,,7290254_141,joba4f8680970e75d50f4704f845baf620d.log_141,joba4f8680970e75d50f4704f845baf620d,00055f35-837e-4063-837b-767be8fc5a7f,21,721.009100198746,0.976499795913696,ec3770ae7f439181,run_learner,
142,2026-02-24T03:23:01.536100Z,2026-02-24T03:35:02.545200Z,2026-02-24T03:35:03.523Z,,,7290254_142,joba4f8680970e75d50f4704f845baf620d.log_142,joba4f8680970e75d50f4704f845baf620d,00055f35-837e-4063-837b-767be8fc5a7f,22,721.009100198746,0.977799892425537,ec3770ae7f439181,run_learner,
143,2026-02-24T03:23:01.536100Z,2026-02-24T03:35:02.544400Z,2026-02-24T03:35:03.516300Z,,,7290254_143,joba4f8680970e75d50f4704f845baf620d.log_143,joba4f8680970e75d50f4704f845baf620d,00055f35-837e-4063-837b-767be8fc5a7f,23,721.008300065994,0.97189998626709,ec3770ae7f439181,run_learner,
144,2026-02-24T03:23:01.536100Z,2026-02-24T03:35:02.642700Z,2026-02-24T03:35:03.521500Z,,,7290254_144,joba4f8680970e75d50f4704f845baf620d.log_144,joba4f8680970e75d50f4704f845baf620d,00055f35-837e-4063-837b-767be8fc5a7f,24,721.106600046158,0.8788001537323,ec3770ae7f439181,run_learner,
145,2026-02-24T03:23:01.536100Z,2026-02-24T03:35:04.623Z,2026-02-24T03:35:05.374Z,,,7290254_145,joba4f8680970e75d50f4704f845baf620d.log_145,joba4f8680970e75d50f4704f845baf620d,00055f35-837e-4063-837b-767be8fc5a7f,25,723.086899995804,0.751000165939331,ec3770ae7f439181,run_learner,
146,2026-02-24T03:23:01.536100Z,2026-02-24T03:35:04.574600Z,2026-02-24T03:35:05.322100Z,,,7290254_146,joba4f8680970e75d50f4704f845baf620d.log_146,joba4f8680970e75d50f4704f845baf620d,00055f35-837e-4063-837b-767be8fc5a7f,26,723.038500070572,0.747499942779541,ec3770ae7f439181,run_learner,
147,2026-02-24T03:23:01.536100Z,2026-02-24T03:35:02.544400Z,2026-02-24T03:35:03.516800Z,,,7290254_147,joba4f8680970e75d50f4704f845baf620d.log_147,joba4f8680970e75d50f4704f845baf620d,00055f35-837e-4063-837b-767be8fc5a7f,27,721.008300065994,0.972399950027466,ec3770ae7f439181,run_learner,
148,2026-02-24T03:23:01.536100Z,2026-02-24T03:35:03.032400Z,2026-02-24T03:35:03.859200Z,,,7290254_148,joba4f8680970e75d50f4704f845baf620d.log_148,joba4f8680970e75d50f4704f845baf620d,00055f35-837e-4063-837b-767be8fc5a7f,28,721.496299982071,0.826800107955933,ec3770ae7f439181,run_learner,
149,2026-02-24T03:23:01.536100Z,2026-02-24T03:35:02.673700Z,2026-02-24T03:35:03.543800Z,,,7290254_149,joba4f8680970e75d50f4704f845baf620d.log_149,joba4f8680970e75d50f4704f845baf620d,00055f35-837e-4063-837b-767be8fc5a7f,29,721.137600183487,0.870100021362305,ec3770ae7f439181,run_learner,
150,2026-02-24T03:23:01.536100Z,2026-02-24T03:35:02.764Z,2026-02-24T03:35:03.601500Z,,,7290254_150,joba4f8680970e75d50f4704f845baf620d.log_150,joba4f8680970e75d50f4704f845baf620d,00055f35-837e-4063-837b-767be8fc5a7f,30,721.227900028229,0.837500095367432,ec3770ae7f439181,run_learner,
151,2026-02-24T03:23:01.536100Z,2026-02-24T03:35:02.902700Z,2026-02-24T03:35:03.740300Z,,,7290254_151,joba4f8680970e75d50f4704f845baf620d.log_151,joba4f8680970e75d50f4704f845baf620d,00055f35-837e-4063-837b-767be8fc5a7f,31,721.366600036621,0.837599992752075,ec3770ae7f439181,run_learner,
152,2026-02-24T03:23:01.536100Z,2026-02-24T03:35:04.573500Z,2026-02-24T03:35:05.343600Z,,,7290254_152,joba4f8680970e75d50f4704f845baf620d.log_152,joba4f8680970e75d50f4704f845baf620d,00055f35-837e-4063-837b-767be8fc5a7f,32,723.037400007248,0.770100116729736,ec3770ae7f439181,run_learner,
153,2026-02-24T03:23:01.536100Z,2026-02-24T03:35:04.984200Z,2026-02-24T03:35:05.753Z,,,7290254_153,joba4f8680970e75d50f4704f845baf620d.log_153,joba4f8680970e75d50f4704f845baf620d,00055f35-837e-4063-837b-767be8fc5a7f,33,723.448100090027,0.768800020217896,ec3770ae7f439181,run_learner,
154,2026-02-24T03:23:01.536100Z,2026-02-24T03:35:02.751400Z,2026-02-24T03:35:03.594Z,,,7290254_154,joba4f8680970e75d50f4704f845baf620d.log_154,joba4f8680970e75d50f4704f845baf620d,00055f35-837e-4063-837b-767be8fc5a7f,34,721.21530008316,0.842600107192993,ec3770ae7f439181,run_learner,
155,2026-02-24T03:23:01.536100Z,2026-02-24T03:35:02.680600Z,2026-02-24T03:35:03.549700Z,,,7290254_155,joba4f8680970e75d50f4704f845baf620d.log_155,joba4f8680970e75d50f4704f845baf620d,00055f35-837e-4063-837b-767be8fc5a7f,35,721.144500017166,0.869100093841553,ec3770ae7f439181,run_learner,
156,2026-02-24T03:23:01.536100Z,2026-02-24T03:35:04.971400Z,2026-02-24T03:35:05.731900Z,,,7290254_156,joba4f8680970e75d50f4704f845baf620d.log_156,joba4f8680970e75d50f4704f845baf620d,00055f35-837e-4063-837b-767be8fc5a7f,36,723.435300111771,0.760499954223633,ec3770ae7f439181,run_learner,
157,2026-02-24T03:23:01.536100Z,2026-02-24T03:35:02.680600Z,2026-02-24T03:35:03.539300Z,,,7290254_157,joba4f8680970e75d50f4704f845baf620d.log_157,joba4f8680970e75d50f4704f845baf620d,00055f35-837e-4063-837b-767be8fc5a7f,37,721.144500017166,0.858700037002564,ec3770ae7f439181,run_learner,
158,2026-02-24T03:23:01.536100Z,2026-02-24T03:35:02.573400Z,2026-02-24T03:35:03.506900Z,,,7290254_158,joba4f8680970e75d50f4704f845baf620d.log_158,joba4f8680970e75d50f4704f845baf620d,00055f35-837e-4063-837b-767be8fc5a7f,38,721.037300109863,0.933500051498413,ec3770ae7f439181,run_learner,
159,2026-02-24T03:23:01.536100Z,2026-02-24T03:35:03.050800Z,2026-02-24T03:35:03.877300Z,,,7290254_159,joba4f8680970e75d50f4704f845baf620d.log_159,joba4f8680970e75d50f4704f845baf620d,00055f35-837e-4063-837b-767be8fc5a7f,39,721.514700174332,0.826499938964844,ec3770ae7f439181,run_learner,
160,2026-02-24T03:23:01.536100Z,2026-02-24T03:35:02.559400Z,2026-02-24T03:35:03.506Z,,,7290254_160,joba4f8680970e75d50f4704f845baf620d.log_160,joba4f8680970e75d50f4704f845baf620d,00055f35-837e-4063-837b-767be8fc5a7f,40,721.023300170899,0.946599960327148,ec3770ae7f439181,run_learner,
161,2026-02-24T03:23:01.536100Z,2026-02-24T03:35:02.984800Z,2026-02-24T03:35:03.758300Z,,,7290254_161,joba4f8680970e75d50f4704f845baf620d.log_161,joba4f8680970e75d50f4704f845baf620d,00055f35-837e-4063-837b-767be8fc5a7f,41,721.448700189591,0.773499965667725,ec3770ae7f439181,run_learner,
162,2026-02-24T03:23:01.536100Z,2026-02-24T03:35:04.706900Z,2026-02-24T03:35:05.481Z,,,7290254_162,joba4f8680970e75d50f4704f845baf620d.log_162,joba4f8680970e75d50f4704f845baf620d,00055f35-837e-4063-837b-767be8fc5a7f,42,723.170799970627,0.774100065231323,ec3770ae7f439181,run_learner,
163,2026-02-24T03:23:01.536100Z,2026-02-24T03:35:12.784Z,2026-02-24T03:35:13.461700Z,,,7290254_163,joba4f8680970e75d50f4704f845baf620d.log_163,joba4f8680970e75d50f4704f845baf620d,00055f35-837e-4063-837b-767be8fc5a7f,43,731.247900009155,0.677700042724609,ec3770ae7f439181,run_learner,
164,2026-02-24T03:23:01.536100Z,2026-02-24T03:35:02.950400Z,2026-02-24T03:35:03.752Z,,,7290254_164,joba4f8680970e75d50f4704f845baf620d.log_164,joba4f8680970e75d50f4704f845baf620d,00055f35-837e-4063-837b-767be8fc5a7f,44,721.414300203323,0.801599979400635,ec3770ae7f439181,run_learner,
165,2026-02-24T03:23:01.536100Z,2026-02-24T03:35:02.908600Z,2026-02-24T03:35:03.705900Z,,,7290254_165,joba4f8680970e75d50f4704f845baf620d.log_165,joba4f8680970e75d50f4704f845baf620d,00055f35-837e-4063-837b-767be8fc5a7f,45,721.372500181198,0.797299861907959,ec3770ae7f439181,run_learner,
166,2026-02-24T03:23:01.536100Z,2026-02-24T03:35:04.937700Z,2026-02-24T03:35:05.731Z,,,7290254_166,joba4f8680970e75d50f4704f845baf620d.log_166,joba4f8680970e75d50f4704f845baf620d,00055f35-837e-4063-837b-767be8fc5a7f,46,723.401600122452,0.793299913406372,ec3770ae7f439181,run_learner,
167,2026-02-24T03:23:01.536100Z,2026-02-24T03:35:04.931Z,2026-02-24T03:35:05.720500Z,,,7290254_167,joba4f8680970e75d50f4704f845baf620d.log_167,joba4f8680970e75d50f4704f845baf620d,00055f35-837e-4063-837b-767be8fc5a7f,47,723.394900083542,0.789499998092651,ec3770ae7f439181,run_learner,
168,2026-02-24T03:23:01.536100Z,2026-02-24T03:35:02.635400Z,2026-02-24T03:35:03.502700Z,,,7290254_168,joba4f8680970e75d50f4704f845baf620d.log_168,joba4f8680970e75d50f4704f845baf620d,00055f35-837e-4063-837b-767be8fc5a7f,48,721.099300146103,0.867300033569336,ec3770ae7f439181,run_learner,
169,2026-02-24T03:23:01.536100Z,2026-02-24T03:35:04.936Z,2026-02-24T03:35:05.720700Z,,,7290254_169,joba4f8680970e75d50f4704f845baf620d.log_169,joba4f8680970e75d50f4704f845baf620d,00055f35-837e-4063-837b-767be8fc5a7f,49,723.399900197983,0.7846999168396,ec3770ae7f439181,run_learner,
170,2026-02-24T03:23:01.536100Z,2026-02-24T03:35:02.688900Z,2026-02-24T03:35:03.497400Z,,,7290254_170,joba4f8680970e75d50f4704f845baf620d.log_170,joba4f8680970e75d50f4704f845baf620d,00055f35-837e-4063-837b-767be8fc5a7f,50,721.152800083161,0.808500051498413,ec3770ae7f439181,run_learner,
171,2026-02-24T03:23:01.536100Z,2026-02-24T03:35:02.952400Z,2026-02-24T03:35:03.748700Z,,,7290254_171,joba4f8680970e75d50f4704f845baf620d.log_171,joba4f8680970e75d50f4704f845baf620d,00055f35-837e-4063-837b-767be8fc5a7f,51,721.416300058365,0.796299934387207,ec3770ae7f439181,run_learner,
172,2026-02-24T03:23:01.536100Z,2026-02-24T03:35:08.917100Z,2026-02-24T03:35:09.612800Z,,,7290254_172,joba4f8680970e75d50f4704f845baf620d.log_172,joba4f8680970e75d50f4704f845baf620d,00055f35-837e-4063-837b-767be8fc5a7f,52,727.381000041962,0.69569993019104,ec3770ae7f439181,run_learner,
173,2026-02-24T03:23:01.536100Z,2026-02-24T03:35:06.934400Z,2026-02-24T03:35:07.686600Z,,,7290254_173,joba4f8680970e75d50f4704f845baf620d.log_173,joba4f8680970e75d50f4704f845baf620d,00055f35-837e-4063-837b-767be8fc5a7f,53,725.398300170899,0.75219988822937,ec3770ae7f439181,run_learner,
174,2026-02-24T03:23:01.536100Z,2026-02-24T03:35:06.934600Z,2026-02-24T03:35:07.692900Z,,,7290254_174,joba4f8680970e75d50f4704f845baf620d.log_174,joba4f8680970e75d50f4704f845baf620d,00055f35-837e-4063-837b-767be8fc5a7f,54,725.398500204086,0.758299827575684,ec3770ae7f439181,run_learner,
175,2026-02-24T03:23:01.536100Z,2026-02-24T03:35:02.952Z,2026-02-24T03:35:03.758700Z,,,7290254_175,joba4f8680970e75d50f4704f845baf620d.log_175,joba4f8680970e75d50f4704f845baf620d,00055f35-837e-4063-837b-767be8fc5a7f,55,721.415899991989,0.806699991226196,ec3770ae7f439181,run_learner,
176,2026-02-24T03:23:01.536100Z,2026-02-24T03:35:02.918300Z,2026-02-24T03:35:03.702500Z,,,7290254_176,joba4f8680970e75d50f4704f845baf620d.log_176,joba4f8680970e75d50f4704f845baf620d,00055f35-837e-4063-837b-767be8fc5a7f,56,721.38220000267,0.784200191497803,ec3770ae7f439181,run_learner,
177,2026-02-24T03:23:01.536100Z,2026-02-24T03:35:02.954700Z,2026-02-24T03:35:03.713800Z,,,7290254_177,joba4f8680970e75d50f4704f845baf620d.log_177,joba4f8680970e75d50f4704f845baf620d,00055f35-837e-4063-837b-767be8fc5a7f,57,721.418600082397,0.759099960327148,ec3770ae7f439181,run_learner,
178,2026-02-24T03:23:01.536100Z,2026-02-24T03:35:04.955800Z,2026-02-24T03:35:05.756700Z,,,7290254_178,joba4f8680970e75d50f4704f845baf620d.log_178,joba4f8680970e75d50f4704f845baf620d,00055f35-837e-4063-837b-767be8fc5a7f,58,723.419700145722,0.800899982452393,ec3770ae7f439181,run_learner,
179,2026-02-24T03:23:01.536100Z,2026-02-24T03:35:04.955800Z,2026-02-24T03:35:05.756900Z,,,7290254_179,joba4f8680970e75d50f4704f845baf620d.log_179,joba4f8680970e75d50f4704f845baf620d,00055f35-837e-4063-837b-767be8fc5a7f,59,723.419700145722,0.801100015640259,ec3770ae7f439181,run_learner,
180,2026-02-24T03:23:01.536100Z,2026-02-24T03:35:04.955800Z,2026-02-24T03:35:05.758800Z,,,7290254_180,joba4f8680970e75d50f4704f845baf620d.log_180,joba4f8680970e75d50f4704f845baf620d,00055f35-837e-4063-837b-767be8fc5a7f,60,723.419700145722,0.802999973297119,ec3770ae7f439181,run_learner,
181,2026-02-24T03:23:01.536100Z,2026-02-24T03:35:06.945500Z,2026-02-24T03:35:07.692400Z,,,7290254_181,joba4f8680970e75d50f4704f845baf620d.log_181,joba4f8680970e75d50f4704f845baf620d,00055f35-837e-4063-837b-767be8fc5a7f,61,725.409399986267,0.746900081634522,ec3770ae7f439181,run_learner,
182,2026-02-24T03:23:01.536100Z,2026-02-24T03:35:06.945500Z,2026-02-24T03:35:07.701300Z,,,7290254_182,joba4f8680970e75d50f4704f845baf620d.log_182,joba4f8680970e75d50f4704f845baf620d,00055f35-837e-4063-837b-767be8fc5a7f,62,725.409399986267,0.755800008773804,ec3770ae7f439181,run_learner,
183,2026-02-24T03:23:01.536100Z,2026-02-24T03:35:02.962700Z,2026-02-24T03:35:03.749400Z,,,7290254_183,joba4f8680970e75d50f4704f845baf620d.log_183,joba4f8680970e75d50f4704f845baf620d,00055f35-837e-4063-837b-767be8fc5a7f,63,721.426599979401,0.786700010299683,ec3770ae7f439181,run_learner,
184,2026-02-24T03:23:01.536100Z,2026-02-24T03:35:04.963700Z,2026-02-24T03:35:05.759100Z,,,7290254_184,joba4f8680970e75d50f4704f845baf620d.log_184,joba4f8680970e75d50f4704f845baf620d,00055f35-837e-4063-837b-767be8fc5a7f,64,723.42760014534,0.795399904251099,ec3770ae7f439181,run_learner,
185,2026-02-24T03:23:01.536100Z,2026-02-24T03:35:04.200300Z,2026-02-24T03:35:04.891Z,,,7290254_185,joba4f8680970e75d50f4704f845baf620d.log_185,joba4f8680970e75d50f4704f845baf620d,00055f35-837e-4063-837b-767be8fc5a7f,65,722.66420006752,0.690700054168701,ec3770ae7f439181,run_learner,
186,2026-02-24T03:23:01.536100Z,2026-02-24T03:35:02.453500Z,2026-02-24T03:35:03.361400Z,,,7290254_186,joba4f8680970e75d50f4704f845baf620d.log_186,joba4f8680970e75d50f4704f845baf620d,00055f35-837e-4063-837b-767be8fc5a7f,66,720.917400121689,0.907899856567383,ec3770ae7f439181,run_learner,
187,2026-02-24T03:23:01.536100Z,2026-02-24T03:35:08.208500Z,2026-02-24T03:35:08.914800Z,,,7290254_187,joba4f8680970e75d50f4704f845baf620d.log_187,joba4f8680970e75d50f4704f845baf620d,00055f35-837e-4063-837b-767be8fc5a7f,67,726.672399997711,0.706300020217896,ec3770ae7f439181,run_learner,
188,2026-02-24T03:23:01.536100Z,2026-02-24T03:35:06.199Z,2026-02-24T03:35:06.884400Z,,,7290254_188,joba4f8680970e75d50f4704f845baf620d.log_188,joba4f8680970e75d50f4704f845baf620d,00055f35-837e-4063-837b-767be8fc5a7f,68,724.662899971008,0.685400009155273,ec3770ae7f439181,run_learner,
189,2026-02-24T03:23:01.536100Z,2026-02-24T03:35:02.453600Z,2026-02-24T03:35:03.361500Z,,,7290254_189,joba4f8680970e75d50f4704f845baf620d.log_189,joba4f8680970e75d50f4704f845baf620d,00055f35-837e-4063-837b-767be8fc5a7f,69,720.917500019074,0.907900094985962,ec3770ae7f439181,run_learner,
190,2026-02-24T03:23:01.536100Z,2026-02-24T03:35:10.196700Z,2026-02-24T03:35:10.881Z,,,7290254_190,joba4f8680970e75d50f4704f845baf620d.log_190,joba4f8680970e75d50f4704f845baf620d,00055f35-837e-4063-837b-767be8fc5a7f,70,728.660600185394,0.684299945831299,ec3770ae7f439181,run_learner,
191,2026-02-24T03:23:01.536100Z,2026-02-24T03:35:08.276100Z,2026-02-24T03:35:08.991700Z,,,7290254_191,joba4f8680970e75d50f4704f845baf620d.log_191,joba4f8680970e75d50f4704f845baf620d,00055f35-837e-4063-837b-767be8fc5a7f,71,726.740000009537,0.71560001373291,ec3770ae7f439181,run_learner,
192,2026-02-24T03:23:01.536100Z,2026-02-24T03:35:02.453500Z,2026-02-24T03:35:03.366Z,,,7290254_192,joba4f8680970e75d50f4704f845baf620d.log_192,joba4f8680970e75d50f4704f845baf620d,00055f35-837e-4063-837b-767be8fc5a7f,72,720.917400121689,0.912499904632568,ec3770ae7f439181,run_learner,
193,2026-02-24T03:23:01.536100Z,2026-02-24T03:35:04.279400Z,2026-02-24T03:35:05.052Z,,,7290254_193,joba4f8680970e75d50f4704f845baf620d.log_193,joba4f8680970e75d50f4704f845baf620d,00055f35-837e-4063-837b-767be8fc5a7f,73,722.743300199509,0.772599935531616,ec3770ae7f439181,run_learner,
194,2026-02-24T03:23:01.536100Z,2026-02-24T03:35:02.453600Z,2026-02-24T03:35:03.362800Z,,,7290254_194,joba4f8680970e75d50f4704f845baf620d.log_194,joba4f8680970e75d50f4704f845baf620d,00055f35-837e-4063-837b-767be8fc5a7f,74,720.917500019074,0.909199953079224,ec3770ae7f439181,run_learner,
195,2026-02-24T03:23:01.536100Z,2026-02-24T03:35:02.453600Z,2026-02-24T03:35:03.363200Z,,,7290254_195,joba4f8680970e75d50f4704f845baf620d.log_195,joba4f8680970e75d50f4704f845baf620d,00055f35-837e-4063-837b-767be8fc5a7f,75,720.917500019074,0.909600019454956,ec3770ae7f439181,run_learner,
196,2026-02-24T03:23:01.536100Z,2026-02-24T03:35:04.373Z,2026-02-24T03:35:05.138300Z,,,7290254_196,joba4f8680970e75d50f4704f845baf620d.log_196,joba4f8680970e75d50f4704f845baf620d,00055f35-837e-4063-837b-767be8fc5a7f,76,722.836899995804,0.765300035476685,ec3770ae7f439181,run_learner,
197,2026-02-24T03:23:01.536100Z,2026-02-24T03:35:04.281400Z,2026-02-24T03:35:05.062600Z,,,7290254_197,joba4f8680970e75d50f4704f845baf620d.log_197,joba4f8680970e75d50f4704f845baf620d,00055f35-837e-4063-837b-767be8fc5a7f,77,722.74530005455,0.781199932098389,ec3770ae7f439181,run_learner,
198,2026-02-24T03:23:01.536100Z,2026-02-24T03:35:04.337700Z,2026-02-24T03:35:05.107100Z,,,7290254_198,joba4f8680970e75d50f4704f845baf620d.log_198,joba4f8680970e75d50f4704f845baf620d,00055f35-837e-4063-837b-767be8fc5a7f,78,722.801599979401,0.769400119781494,ec3770ae7f439181,run_learner,
199,2026-02-24T03:23:01.536100Z,2026-02-24T03:35:06.481800Z,2026-02-24T03:35:07.166Z,,,7290254_199,joba4f8680970e75d50f4704f845baf620d.log_199,joba4f8680970e75d50f4704f845baf620d,00055f35-837e-4063-837b-767be8fc5a7f,79,724.94570016861,0.684199810028076,ec3770ae7f439181,run_learner,
200,2026-02-24T03:23:01.536100Z,2026-02-24T03:35:02.546400Z,2026-02-24T03:35:03.361300Z,,,7290254_200,joba4f8680970e75d50f4704f845baf620d.log_200,joba4f8680970e75d50f4704f845baf620d,00055f35-837e-4063-837b-767be8fc5a7f,80,721.010300159454,0.814899921417236,ec3770ae7f439181,run_learner,
201,2026-02-24T03:23:01.536100Z,2026-02-24T03:35:02.532100Z,2026-02-24T03:35:03.372700Z,,,7290254_201,joba4f8680970e75d50f4704f845baf620d.log_201,joba4f8680970e75d50f4704f845baf620d,00055f35-837e-4063-837b-767be8fc5a7f,81,720.996000051498,0.84060001373291,ec3770ae7f439181,run_learner,
202,2026-02-24T03:23:01.536100Z,2026-02-24T03:35:04.510500Z,2026-02-24T03:35:05.259500Z,,,7290254_202,joba4f8680970e75d50f4704f845baf620d.log_202,joba4f8680970e75d50f4704f845baf620d,00055f35-837e-4063-837b-767be8fc5a7f,82,722.974400043488,0.749000072479248,ec3770ae7f439181,run_learner,
203,2026-02-24T03:23:01.536100Z,2026-02-24T03:35:02.507900Z,2026-02-24T03:35:03.374Z,,,7290254_203,joba4f8680970e75d50f4704f845baf620d.log_203,joba4f8680970e75d50f4704f845baf620d,00055f35-837e-4063-837b-767be8fc5a7f,83,720.971800088883,0.866100072860718,ec3770ae7f439181,run_learner,
204,2026-02-24T03:23:01.536100Z,2026-02-24T03:35:04.545100Z,2026-02-24T03:35:05.310Z,,,7290254_204,joba4f8680970e75d50f4704f845baf620d.log_204,joba4f8680970e75d50f4704f845baf620d,00055f35-837e-4063-837b-767be8fc5a7f,84,723.009000062943,0.764899969100952,ec3770ae7f439181,run_learner,
205,2026-02-24T03:23:01.536100Z,2026-02-24T03:35:02.555400Z,2026-02-24T03:35:03.368200Z,,,7290254_205,joba4f8680970e75d50f4704f845baf620d.log_205,joba4f8680970e75d50f4704f845baf620d,00055f35-837e-4063-837b-767be8fc5a7f,85,721.019299983978,0.812800168991089,ec3770ae7f439181,run_learner,
206,2026-02-24T03:23:01.536100Z,2026-02-24T03:35:02.551Z,2026-02-24T03:35:03.371400Z,,,7290254_206,joba4f8680970e75d50f4704f845baf620d.log_206,joba4f8680970e75d50f4704f845baf620d,00055f35-837e-4063-837b-767be8fc5a7f,86,721.01490020752,0.82039999961853,ec3770ae7f439181,run_learner,
207,2026-02-24T03:23:01.536100Z,2026-02-24T03:35:04.544200Z,2026-02-24T03:35:05.311400Z,,,7290254_207,joba4f8680970e75d50f4704f845baf620d.log_207,joba4f8680970e75d50f4704f845baf620d,00055f35-837e-4063-837b-767be8fc5a7f,87,723.008100032806,0.767199993133545,ec3770ae7f439181,run_learner,
208,2026-02-24T03:23:01.536100Z,2026-02-24T03:35:02.564600Z,2026-02-24T03:35:03.381300Z,,,7290254_208,joba4f8680970e75d50f4704f845baf620d.log_208,joba4f8680970e75d50f4704f845baf620d,00055f35-837e-4063-837b-767be8fc5a7f,88,721.028500080109,0.816699981689453,ec3770ae7f439181,run_learner,
209,2026-02-24T03:23:01.536100Z,2026-02-24T03:35:02.571400Z,2026-02-24T03:35:03.362700Z,,,7290254_209,joba4f8680970e75d50f4704f845baf620d.log_209,joba4f8680970e75d50f4704f845baf620d,00055f35-837e-4063-837b-767be8fc5a7f,89,721.035300016403,0.791300058364868,ec3770ae7f439181,run_learner,
210,2026-02-24T03:23:01.536100Z,2026-02-24T03:35:02.571300Z,2026-02-24T03:35:03.377200Z,,,7290254_210,joba4f8680970e75d50f4704f845baf620d.log_210,joba4f8680970e75d50f4704f845baf620d,00055f35-837e-4063-837b-767be8fc5a7f,90,721.035200119019,0.805899858474731,ec3770ae7f439181,run_learner,
211,2026-02-24T03:23:01.536100Z,2026-02-24T03:35:04.650100Z,2026-02-24T03:35:05.381700Z,,,7290254_211,joba4f8680970e75d50f4704f845baf620d.log_211,joba4f8680970e75d50f4704f845baf620d,00055f35-837e-4063-837b-767be8fc5a7f,91,723.114000082016,0.731600046157837,ec3770ae7f439181,run_learner,
212,2026-02-24T03:23:01.536100Z,2026-02-24T03:35:06.528900Z,2026-02-24T03:35:07.251800Z,,,7290254_212,joba4f8680970e75d50f4704f845baf620d.log_212,joba4f8680970e75d50f4704f845baf620d,00055f35-837e-4063-837b-767be8fc5a7f,92,724.99279999733,0.722900152206421,ec3770ae7f439181,run_learner,
213,2026-02-24T03:23:01.536100Z,2026-02-24T03:35:04.782700Z,2026-02-24T03:35:05.505600Z,,,7290254_213,joba4f8680970e75d50f4704f845baf620d.log_213,joba4f8680970e75d50f4704f845baf620d,00055f35-837e-4063-837b-767be8fc5a7f,93,723.246600151062,0.722899913787842,ec3770ae7f439181,run_learner,
214,2026-02-24T03:23:01.536100Z,2026-02-24T03:35:02.784200Z,2026-02-24T03:35:03.568400Z,,,7290254_214,joba4f8680970e75d50f4704f845baf620d.log_214,joba4f8680970e75d50f4704f845baf620d,00055f35-837e-4063-837b-767be8fc5a7f,94,721.248100042343,0.784199953079224,ec3770ae7f439181,run_learner,
215,2026-02-24T03:23:01.536100Z,2026-02-24T03:35:06.789700Z,2026-02-24T03:35:07.521Z,,,7290254_215,joba4f8680970e75d50f4704f845baf620d.log_215,joba4f8680970e75d50f4704f845baf620d,00055f35-837e-4063-837b-767be8fc5a7f,95,725.253600120545,0.731299877166748,ec3770ae7f439181,run_learner,
216,2026-02-24T03:23:01.536100Z,2026-02-24T03:35:02.577500Z,2026-02-24T03:35:03.386800Z,,,7290254_216,joba4f8680970e75d50f4704f845baf620d.log_216,joba4f8680970e75d50f4704f845baf620d,00055f35-837e-4063-837b-767be8fc5a7f,96,721.041400194168,0.809299945831299,ec3770ae7f439181,run_learner,
217,2026-02-24T03:23:01.536100Z,2026-02-24T03:35:02.691500Z,2026-02-24T03:35:03.466200Z,,,7290254_217,joba4f8680970e75d50f4704f845baf620d.log_217,joba4f8680970e75d50f4704f845baf620d,00055f35-837e-4063-837b-767be8fc5a7f,97,721.155400037766,0.774700164794922,ec3770ae7f439181,run_learner,
218,2026-02-24T03:23:01.536100Z,2026-02-24T03:35:04.779200Z,2026-02-24T03:35:05.504100Z,,,7290254_218,joba4f8680970e75d50f4704f845baf620d.log_218,joba4f8680970e75d50f4704f845baf620d,00055f35-837e-4063-837b-767be8fc5a7f,98,723.243100166321,0.724900007247925,ec3770ae7f439181,run_learner,
219,2026-02-24T03:23:01.536100Z,2026-02-24T03:35:06.772200Z,2026-02-24T03:35:07.506100Z,,,7290254_219,joba4f8680970e75d50f4704f845baf620d.log_219,joba4f8680970e75d50f4704f845baf620d,00055f35-837e-4063-837b-767be8fc5a7f,99,725.236100196838,0.733899831771851,ec3770ae7f439181,run_learner,
220,2026-02-24T03:23:01.536100Z,2026-02-24T03:35:06.772800Z,2026-02-24T03:35:07.510700Z,,,7290254_220,joba4f8680970e75d50f4704f845baf620d.log_220,joba4f8680970e75d50f4704f845baf620d,00055f35-837e-4063-837b-767be8fc5a7f,100,725.236700057983,0.737900018692017,ec3770ae7f439181,run_learner,
221,2026-02-24T03:23:01.536100Z,2026-02-24T03:35:02.822700Z,2026-02-24T03:35:03.607700Z,,,7290254_221,joba4f8680970e75d50f4704f845baf620d.log_221,joba4f8680970e75d50f4704f845baf620d,00055f35-837e-4063-837b-767be8fc5a7f,101,721.286600112915,0.785000085830689,ec3770ae7f439181,run_learner,
222,2026-02-24T03:23:01.536100Z,2026-02-24T03:35:04.688400Z,2026-02-24T03:35:05.416600Z,,,7290254_222,joba4f8680970e75d50f4704f845baf620d.log_222,joba4f8680970e75d50f4704f845baf620d,00055f35-837e-4063-837b-767be8fc5a7f,102,723.1523001194,0.72819995880127,ec3770ae7f439181,run_learner,
223,2026-02-24T03:23:01.536100Z,2026-02-24T03:35:02.717400Z,2026-02-24T03:35:03.490200Z,,,7290254_223,joba4f8680970e75d50f4704f845baf620d.log_223,joba4f8680970e75d50f4704f845baf620d,00055f35-837e-4063-837b-767be8fc5a7f,103,721.181300163269,0.772799968719482,ec3770ae7f439181,run_learner,
224,2026-02-24T03:23:01.536100Z,2026-02-24T03:35:02.816600Z,2026-02-24T03:35:03.613200Z,,,7290254_224,joba4f8680970e75d50f4704f845baf620d.log_224,joba4f8680970e75d50f4704f845baf620d,00055f35-837e-4063-837b-767be8fc5a7f,104,721.280500173569,0.796599864959717,ec3770ae7f439181,run_learner,
225,2026-02-24T03:23:01.536100Z,2026-02-24T03:35:04.721Z,2026-02-24T03:35:05.408400Z,,,7290254_225,joba4f8680970e75d50f4704f845baf620d.log_225,joba4f8680970e75d50f4704f845baf620d,00055f35-837e-4063-837b-767be8fc5a7f,105,723.184900045395,0.687400102615356,ec3770ae7f439181,run_learner,
226,2026-02-24T03:23:01.536100Z,2026-02-24T03:35:02.806200Z,2026-02-24T03:35:03.566300Z,,,7290254_226,joba4f8680970e75d50f4704f845baf620d.log_226,joba4f8680970e75d50f4704f845baf620d,00055f35-837e-4063-837b-767be8fc5a7f,106,721.27010011673,0.7600998878479,ec3770ae7f439181,run_learner,
227,2026-02-24T03:23:01.536100Z,2026-02-24T03:35:08.796900Z,2026-02-24T03:35:09.552400Z,,,7290254_227,joba4f8680970e75d50f4704f845baf620d.log_227,joba4f8680970e75d50f4704f845baf620d,00055f35-837e-4063-837b-767be8fc5a7f,107,727.260800123215,0.755500078201294,ec3770ae7f439181,run_learner,
228,2026-02-24T03:23:01.536100Z,2026-02-24T03:35:02.805800Z,2026-02-24T03:35:03.572300Z,,,7290254_228,joba4f8680970e75d50f4704f845baf620d.log_228,joba4f8680970e75d50f4704f845baf620d,00055f35-837e-4063-837b-767be8fc5a7f,108,721.269700050354,0.766499996185303,ec3770ae7f439181,run_learner,
229,2026-02-24T03:23:01.536100Z,2026-02-24T03:35:08.788200Z,2026-02-24T03:35:09.555Z,,,7290254_229,joba4f8680970e75d50f4704f845baf620d.log_229,joba4f8680970e75d50f4704f845baf620d,00055f35-837e-4063-837b-767be8fc5a7f,109,727.252099990845,0.766800165176392,ec3770ae7f439181,run_learner,
230,2026-02-24T03:23:01.536100Z,2026-02-24T03:35:02.818200Z,2026-02-24T03:35:03.583600Z,,,7290254_230,joba4f8680970e75d50f4704f845baf620d.log_230,joba4f8680970e75d50f4704f845baf620d,00055f35-837e-4063-837b-767be8fc5a7f,110,721.282100200653,0.765399932861328,ec3770ae7f439181,run_learner,
231,2026-02-24T03:23:01.536100Z,2026-02-24T03:35:06.787600Z,2026-02-24T03:35:07.475100Z,,,7290254_231,joba4f8680970e75d50f4704f845baf620d.log_231,joba4f8680970e75d50f4704f845baf620d,00055f35-837e-4063-837b-767be8fc5a7f,111,725.2515001297,0.6875,ec3770ae7f439181,run_learner,
232,2026-02-24T03:23:01.536100Z,2026-02-24T03:35:08.804700Z,2026-02-24T03:35:09.557600Z,,,7290254_232,joba4f8680970e75d50f4704f845baf620d.log_232,joba4f8680970e75d50f4704f845baf620d,00055f35-837e-4063-837b-767be8fc5a7f,112,727.26859998703,0.752900123596191,ec3770ae7f439181,run_learner,
233,2026-02-24T03:23:01.536100Z,2026-02-24T03:35:10.773300Z,2026-02-24T03:35:11.442600Z,,,7290254_233,joba4f8680970e75d50f4704f845baf620d.log_233,joba4f8680970e75d50f4704f845baf620d,00055f35-837e-4063-837b-767be8fc5a7f,113,729.237200021744,0.669300079345703,ec3770ae7f439181,run_learner,
234,2026-02-24T03:23:01.536100Z,2026-02-24T03:35:08.781300Z,2026-02-24T03:35:09.460300Z,,,7290254_234,joba4f8680970e75d50f4704f845baf620d.log_234,joba4f8680970e75d50f4704f845baf620d,00055f35-837e-4063-837b-767be8fc5a7f,114,727.245200157166,0.678999900817871,ec3770ae7f439181,run_learner,
235,2026-02-24T03:23:01.536100Z,2026-02-24T03:35:04.808100Z,2026-02-24T03:35:05.579400Z,,,7290254_235,joba4f8680970e75d50f4704f845baf620d.log_235,joba4f8680970e75d50f4704f845baf620d,00055f35-837e-4063-837b-767be8fc5a7f,115,723.272000074387,0.771300077438355,ec3770ae7f439181,run_learner,
236,2026-02-24T03:23:01.536100Z,2026-02-24T03:35:04.808100Z,2026-02-24T03:35:05.588Z,,,7290254_236,joba4f8680970e75d50f4704f845baf620d.log_236,joba4f8680970e75d50f4704f845baf620d,00055f35-837e-4063-837b-767be8fc5a7f,116,723.272000074387,0.779900074005127,ec3770ae7f439181,run_learner,
237,2026-02-24T03:23:01.536100Z,2026-02-24T03:35:04.808100Z,2026-02-24T03:35:05.585500Z,,,7290254_237,joba4f8680970e75d50f4704f845baf620d.log_237,joba4f8680970e75d50f4704f845baf620d,00055f35-837e-4063-837b-767be8fc5a7f,117,723.272000074387,0.777400016784668,ec3770ae7f439181,run_learner,
238,2026-02-24T03:23:01.536100Z,2026-02-24T03:35:06.782200Z,2026-02-24T03:35:07.465400Z,,,7290254_238,joba4f8680970e75d50f4704f845baf620d.log_238,joba4f8680970e75d50f4704f845baf620d,00055f35-837e-4063-837b-767be8fc5a7f,118,725.246100187302,0.683199882507324,ec3770ae7f439181,run_learner,
239,2026-02-24T03:23:01.536100Z,2026-02-24T03:35:04.808200Z,2026-02-24T03:35:05.592400Z,,,7290254_239,joba4f8680970e75d50f4704f845baf620d.log_239,joba4f8680970e75d50f4704f845baf620d,00055f35-837e-4063-837b-767be8fc5a7f,119,723.272099971771,0.784200191497803,ec3770ae7f439181,run_learner,
240,2026-02-24T03:23:01.536100Z,2026-02-24T03:35:02.797500Z,2026-02-24T03:35:03.495200Z,,,7290254_240,joba4f8680970e75d50f4704f845baf620d.log_240,joba4f8680970e75d50f4704f845baf620d,00055f35-837e-4063-837b-767be8fc5a7f,120,721.26139998436,0.697700023651123,ec3770ae7f439181,run_learner,
