started,done,repl,algorithm,task_id
2024-04-14T20:06:18.249Z,2024-04-14T20:08:02.593800Z,1,xgboost,aztrees3
2024-04-14T20:06:18.370600Z,2024-04-14T20:08:06.664300Z,2,xgboost,aztrees3
2024-04-14T20:06:18.200200Z,2024-04-14T20:08:04.879600Z,3,xgboost,aztrees3
2024-04-14T20:06:18.219Z,2024-04-14T20:08:04.120200Z,4,xgboost,aztrees3
2024-04-14T20:06:18.484600Z,2024-04-14T20:08:06.386500Z,5,xgboost,aztrees3
2024-04-14T20:06:18.163200Z,2024-04-14T20:08:08.222900Z,6,xgboost,aztrees3
2024-04-14T20:06:18.290700Z,2024-04-14T20:08:07.107100Z,7,xgboost,aztrees3
2024-04-14T20:06:18.438900Z,2024-04-14T20:08:08.546800Z,8,xgboost,aztrees3
2024-04-14T20:06:17.656200Z,2024-04-14T20:08:02.355700Z,9,xgboost,aztrees3
2024-04-14T20:06:18.168700Z,2024-04-14T20:08:07.152800Z,10,xgboost,aztrees3
2024-04-14T20:06:18.221Z,2024-04-14T20:06:31.524800Z,1,nearest_neighbors,aztrees3
2024-04-14T20:06:18.163800Z,2024-04-14T20:06:31.074600Z,2,nearest_neighbors,aztrees3
2024-04-14T20:06:17.558500Z,2024-04-14T20:06:29.259700Z,3,nearest_neighbors,aztrees3
2024-04-14T20:06:17.558500Z,2024-04-14T20:06:29.383400Z,4,nearest_neighbors,aztrees3
2024-04-14T20:06:17.558500Z,2024-04-14T20:06:29.289600Z,5,nearest_neighbors,aztrees3
2024-04-14T20:06:18.662500Z,2024-04-14T20:06:29.750600Z,6,nearest_neighbors,aztrees3
2024-04-14T20:06:18.662500Z,2024-04-14T20:06:29.776100Z,7,nearest_neighbors,aztrees3
2024-04-14T20:06:18.662400Z,2024-04-14T20:06:29.834500Z,8,nearest_neighbors,aztrees3
2024-04-14T20:06:17.545200Z,2024-04-14T20:06:29.096800Z,9,nearest_neighbors,aztrees3
2024-04-14T20:06:17.572400Z,2024-04-14T20:06:29.279300Z,10,nearest_neighbors,aztrees3
2024-04-14T20:06:17.572400Z,2024-04-14T20:06:32.661800Z,1,cv_glmnet,aztrees3
2024-04-14T20:06:17.599200Z,2024-04-14T20:06:31.685400Z,2,cv_glmnet,aztrees3
2024-04-14T20:06:17.599200Z,2024-04-14T20:06:30.514900Z,3,cv_glmnet,aztrees3
2024-04-14T20:06:17.599300Z,2024-04-14T20:06:26.621200Z,4,cv_glmnet,aztrees3
2024-04-14T20:07:17.809400Z,2024-04-14T20:07:40.114800Z,5,cv_glmnet,aztrees3
2024-04-14T20:07:17.814600Z,2024-04-14T20:07:42.948300Z,6,cv_glmnet,aztrees3
2024-04-14T20:07:17.101400Z,2024-04-14T20:07:32.908300Z,7,cv_glmnet,aztrees3
2024-04-14T20:07:17.101400Z,2024-04-14T20:07:28.916800Z,8,cv_glmnet,aztrees3
2024-04-14T20:07:17.101400Z,2024-04-14T20:07:34.574400Z,9,cv_glmnet,aztrees3
2024-04-14T20:07:17.155100Z,2024-04-14T20:07:25.523200Z,10,cv_glmnet,aztrees3
2024-04-14T20:07:17.155200Z,2024-04-14T20:07:17.864100Z,1,rpart,aztrees3
2024-04-14T20:07:17.155100Z,2024-04-14T20:07:17.864600Z,2,rpart,aztrees3
2024-04-14T20:07:17.103200Z,2024-04-14T20:07:17.876700Z,3,rpart,aztrees3
2024-04-14T20:07:17.103200Z,2024-04-14T20:07:17.873400Z,4,rpart,aztrees3
2024-04-14T20:07:17.103200Z,2024-04-14T20:07:17.874500Z,5,rpart,aztrees3
2024-04-14T20:07:17.102200Z,2024-04-14T20:07:17.854Z,6,rpart,aztrees3
2024-04-14T20:07:17.102300Z,2024-04-14T20:07:17.853900Z,7,rpart,aztrees3
2024-04-14T20:07:17.102200Z,2024-04-14T20:07:17.853900Z,8,rpart,aztrees3
2024-04-14T20:07:17.229900Z,2024-04-14T20:07:17.873400Z,9,rpart,aztrees3
2024-04-14T20:07:17.229900Z,2024-04-14T20:07:17.873100Z,10,rpart,aztrees3
2024-04-14T20:07:17.229900Z,2024-04-14T20:07:17.297400Z,1,featureless,aztrees3
2024-04-14T20:07:18.231100Z,2024-04-14T20:07:18.328Z,2,featureless,aztrees3
2024-04-14T20:07:18.231200Z,2024-04-14T20:07:18.328Z,3,featureless,aztrees3
2024-04-14T20:07:18.231100Z,2024-04-14T20:07:18.328Z,4,featureless,aztrees3
2024-04-14T20:07:17.225300Z,2024-04-14T20:07:17.294500Z,5,featureless,aztrees3
2024-04-14T20:07:17.225300Z,2024-04-14T20:07:17.294400Z,6,featureless,aztrees3
2024-04-14T20:07:17.225300Z,2024-04-14T20:07:17.294400Z,7,featureless,aztrees3
2024-04-14T20:07:17.076400Z,2024-04-14T20:07:17.136700Z,8,featureless,aztrees3
2024-04-14T20:08:17.923200Z,2024-04-14T20:08:18.007900Z,9,featureless,aztrees3
2024-04-14T20:08:18.134800Z,2024-04-14T20:08:18.220800Z,10,featureless,aztrees3
2024-04-14T20:08:18.242200Z,2024-04-14T20:10:06.662500Z,1,xgboost,aztrees4
2024-04-14T20:08:18.118700Z,2024-04-14T20:10:05.268Z,2,xgboost,aztrees4
2024-04-14T20:08:17.975Z,2024-04-14T20:10:05.494800Z,3,xgboost,aztrees4
2024-04-14T20:08:17.969300Z,2024-04-14T20:10:05.629300Z,4,xgboost,aztrees4
2024-04-14T20:08:17.969300Z,2024-04-14T20:10:06.724200Z,5,xgboost,aztrees4
2024-04-14T20:08:18.162100Z,2024-04-14T20:10:02.584700Z,6,xgboost,aztrees4
2024-04-14T20:08:17.510900Z,2024-04-14T20:10:04.122700Z,7,xgboost,aztrees4
2024-04-14T20:08:18.012200Z,2024-04-14T20:10:06.143Z,8,xgboost,aztrees4
2024-04-14T20:08:17.919300Z,2024-04-14T20:10:06.467500Z,9,xgboost,aztrees4
2024-04-14T20:08:18.090600Z,2024-04-14T20:10:05.243400Z,10,xgboost,aztrees4
2024-04-14T20:08:17.418500Z,2024-04-14T20:08:28.331900Z,1,nearest_neighbors,aztrees4
2024-04-14T20:08:17.418500Z,2024-04-14T20:08:28.214800Z,2,nearest_neighbors,aztrees4
2024-04-14T20:08:17.418500Z,2024-04-14T20:08:28.366800Z,3,nearest_neighbors,aztrees4
2024-04-14T20:08:17.431600Z,2024-04-14T20:08:28.510800Z,4,nearest_neighbors,aztrees4
2024-04-14T20:08:17.431700Z,2024-04-14T20:08:28.416700Z,5,nearest_neighbors,aztrees4
2024-04-14T20:08:17.431600Z,2024-04-14T20:08:28.475600Z,6,nearest_neighbors,aztrees4
2024-04-14T20:08:17.419700Z,2024-04-14T20:08:28.363500Z,7,nearest_neighbors,aztrees4
2024-04-14T20:08:17.419700Z,2024-04-14T20:08:28.303200Z,8,nearest_neighbors,aztrees4
2024-04-14T20:08:17.419700Z,2024-04-14T20:08:28.431700Z,9,nearest_neighbors,aztrees4
2024-04-14T20:08:17.421400Z,2024-04-14T20:08:28.231Z,10,nearest_neighbors,aztrees4
2024-04-14T20:08:17.421400Z,2024-04-14T20:08:31.050900Z,1,cv_glmnet,aztrees4
2024-04-14T20:08:17.421400Z,2024-04-14T20:08:28.376800Z,2,cv_glmnet,aztrees4
2024-04-14T20:09:19.497800Z,2024-04-14T20:09:31.705200Z,3,cv_glmnet,aztrees4
2024-04-14T20:09:19.497400Z,2024-04-14T20:09:39.532700Z,4,cv_glmnet,aztrees4
2024-04-14T20:09:18.521300Z,2024-04-14T20:09:32.617200Z,5,cv_glmnet,aztrees4
2024-04-14T20:09:18.521200Z,2024-04-14T20:09:35.186700Z,6,cv_glmnet,aztrees4
2024-04-14T20:09:18.521200Z,2024-04-14T20:09:36.468300Z,7,cv_glmnet,aztrees4
2024-04-14T20:09:18.545Z,2024-04-14T20:09:33.075Z,8,cv_glmnet,aztrees4
2024-04-14T20:09:18.545Z,2024-04-14T20:09:32.132300Z,9,cv_glmnet,aztrees4
2024-04-14T20:09:18.545Z,2024-04-14T20:09:32.324400Z,10,cv_glmnet,aztrees4
2024-04-14T20:09:18.544100Z,2024-04-14T20:09:18.652500Z,1,rpart,aztrees4
2024-04-14T20:09:18.544100Z,2024-04-14T20:09:18.652500Z,2,rpart,aztrees4
2024-04-14T20:09:18.544100Z,2024-04-14T20:09:18.652500Z,3,rpart,aztrees4
2024-04-14T20:09:18.494300Z,2024-04-14T20:09:18.634400Z,4,rpart,aztrees4
2024-04-14T20:09:18.494300Z,2024-04-14T20:09:18.634300Z,5,rpart,aztrees4
2024-04-14T20:09:18.494300Z,2024-04-14T20:09:18.634300Z,6,rpart,aztrees4
2024-04-14T20:09:18.565500Z,2024-04-14T20:09:18.680800Z,7,rpart,aztrees4
2024-04-14T20:09:18.565500Z,2024-04-14T20:09:18.678600Z,8,rpart,aztrees4
2024-04-14T20:09:18.565500Z,2024-04-14T20:09:18.678800Z,9,rpart,aztrees4
2024-04-14T20:09:18.468Z,2024-04-14T20:09:18.728Z,10,rpart,aztrees4
2024-04-14T20:09:18.468Z,2024-04-14T20:09:18.532200Z,1,featureless,aztrees4
2024-04-14T20:09:18.467900Z,2024-04-14T20:09:18.532100Z,2,featureless,aztrees4
2024-04-14T20:09:18.503400Z,2024-04-14T20:09:18.571200Z,3,featureless,aztrees4
2024-04-14T20:09:18.503500Z,2024-04-14T20:09:18.571200Z,4,featureless,aztrees4
2024-04-14T20:09:18.503400Z,2024-04-14T20:09:18.571200Z,5,featureless,aztrees4
2024-04-14T20:09:18.385100Z,2024-04-14T20:09:18.446100Z,6,featureless,aztrees4
2024-04-14T20:10:17.957300Z,2024-04-14T20:10:18.046800Z,7,featureless,aztrees4
2024-04-14T20:10:17.953900Z,2024-04-14T20:10:18.041500Z,8,featureless,aztrees4
2024-04-14T20:10:18.188100Z,2024-04-14T20:10:18.274300Z,9,featureless,aztrees4
2024-04-14T20:10:18.278200Z,2024-04-14T20:10:18.368700Z,10,featureless,aztrees4
2024-04-14T20:10:18.315100Z,2024-04-14T20:13:48.508200Z,1,xgboost,CanadaFires_all
2024-04-14T20:10:18.274900Z,2024-04-14T20:13:48.549700Z,2,xgboost,CanadaFires_all
2024-04-14T20:10:18.135500Z,2024-04-14T20:13:47.604400Z,3,xgboost,CanadaFires_all
2024-04-14T20:10:18.277900Z,2024-04-14T20:13:48.920100Z,4,xgboost,CanadaFires_all
2024-04-14T20:10:17.534400Z,2024-04-14T20:13:48.301Z,5,xgboost,CanadaFires_all
2024-04-14T20:10:18.182400Z,2024-04-14T20:13:48.139300Z,6,xgboost,CanadaFires_all
2024-04-14T20:10:18.210800Z,2024-04-14T20:13:48.218Z,7,xgboost,CanadaFires_all
2024-04-14T20:10:18.180Z,2024-04-14T20:13:47.029900Z,8,xgboost,CanadaFires_all
2024-04-14T20:10:17.228500Z,2024-04-14T20:13:07.859700Z,9,xgboost,CanadaFires_all
2024-04-14T20:10:17.228400Z,2024-04-14T20:13:07.637Z,10,xgboost,CanadaFires_all
2024-04-14T20:10:17.228400Z,2024-04-14T20:10:30.210800Z,1,nearest_neighbors,CanadaFires_all
2024-04-14T20:10:17.245100Z,2024-04-14T20:10:30.595800Z,2,nearest_neighbors,CanadaFires_all
2024-04-14T20:10:17.245100Z,2024-04-14T20:10:30.613600Z,3,nearest_neighbors,CanadaFires_all
2024-04-14T20:10:17.245100Z,2024-04-14T20:10:30.687Z,4,nearest_neighbors,CanadaFires_all
2024-04-14T20:10:17.230800Z,2024-04-14T20:10:30.572Z,5,nearest_neighbors,CanadaFires_all
2024-04-14T20:10:17.230900Z,2024-04-14T20:10:30.773600Z,6,nearest_neighbors,CanadaFires_all
2024-04-14T20:10:17.230800Z,2024-04-14T20:10:30.620600Z,7,nearest_neighbors,CanadaFires_all
2024-04-14T20:10:17.240400Z,2024-04-14T20:10:30.455200Z,8,nearest_neighbors,CanadaFires_all
2024-04-14T20:10:17.240400Z,2024-04-14T20:10:30.473900Z,9,nearest_neighbors,CanadaFires_all
2024-04-14T20:10:17.240400Z,2024-04-14T20:10:30.405700Z,10,nearest_neighbors,CanadaFires_all
2024-04-14T20:11:18.211300Z,2024-04-14T20:11:36.450900Z,1,cv_glmnet,CanadaFires_all
2024-04-14T20:11:18.096800Z,2024-04-14T20:11:34.955100Z,2,cv_glmnet,CanadaFires_all
2024-04-14T20:11:18.087300Z,2024-04-14T20:11:35.410100Z,3,cv_glmnet,CanadaFires_all
2024-04-14T20:11:18.565500Z,2024-04-14T20:11:37.423700Z,4,cv_glmnet,CanadaFires_all
2024-04-14T20:11:17.267900Z,2024-04-14T20:11:30.035600Z,5,cv_glmnet,CanadaFires_all
2024-04-14T20:11:17.350100Z,2024-04-14T20:11:29.109600Z,6,cv_glmnet,CanadaFires_all
2024-04-14T20:11:17.350Z,2024-04-14T20:11:30.011800Z,7,cv_glmnet,CanadaFires_all
2024-04-14T20:11:17.350100Z,2024-04-14T20:11:28.223500Z,8,cv_glmnet,CanadaFires_all
2024-04-14T20:11:17.340Z,2024-04-14T20:11:29.229600Z,9,cv_glmnet,CanadaFires_all
2024-04-14T20:11:17.340Z,2024-04-14T20:11:29.059100Z,10,cv_glmnet,CanadaFires_all
2024-04-14T20:11:17.340Z,2024-04-14T20:11:17.518500Z,1,rpart,CanadaFires_all
2024-04-14T20:11:17.341400Z,2024-04-14T20:11:17.517500Z,2,rpart,CanadaFires_all
2024-04-14T20:11:17.341400Z,2024-04-14T20:11:17.518Z,3,rpart,CanadaFires_all
2024-04-14T20:11:17.341400Z,2024-04-14T20:11:17.518500Z,4,rpart,CanadaFires_all
2024-04-14T20:11:17.341300Z,2024-04-14T20:11:17.518600Z,5,rpart,CanadaFires_all
2024-04-14T20:11:17.341300Z,2024-04-14T20:11:17.517700Z,6,rpart,CanadaFires_all
2024-04-14T20:11:17.341300Z,2024-04-14T20:11:17.517700Z,7,rpart,CanadaFires_all
2024-04-14T20:11:17.417700Z,2024-04-14T20:11:17.555Z,8,rpart,CanadaFires_all
2024-04-14T20:11:17.417700Z,2024-04-14T20:11:17.554100Z,9,rpart,CanadaFires_all
2024-04-14T20:11:17.417800Z,2024-04-14T20:11:17.555900Z,10,rpart,CanadaFires_all
2024-04-14T20:11:17.339Z,2024-04-14T20:11:17.409300Z,1,featureless,CanadaFires_all
2024-04-14T20:11:17.339100Z,2024-04-14T20:11:17.409300Z,2,featureless,CanadaFires_all
2024-04-14T20:11:17.339100Z,2024-04-14T20:11:17.409300Z,3,featureless,CanadaFires_all
2024-04-14T20:11:17.248200Z,2024-04-14T20:11:17.313300Z,4,featureless,CanadaFires_all
2024-04-14T20:12:18.218Z,2024-04-14T20:12:18.312400Z,5,featureless,CanadaFires_all
2024-04-14T20:12:18.214800Z,2024-04-14T20:12:18.310100Z,6,featureless,CanadaFires_all
2024-04-14T20:12:18.172Z,2024-04-14T20:12:18.269300Z,7,featureless,CanadaFires_all
2024-04-14T20:12:17.924900Z,2024-04-14T20:12:18.017300Z,8,featureless,CanadaFires_all
2024-04-14T20:12:17.063300Z,2024-04-14T20:12:17.129200Z,9,featureless,CanadaFires_all
2024-04-14T20:12:17.222Z,2024-04-14T20:12:17.290400Z,10,featureless,CanadaFires_all
2024-04-14T20:12:17.222Z,2024-04-14T20:13:28.061800Z,1,xgboost,CanadaFires_downSampled
2024-04-14T20:12:17.222Z,2024-04-14T20:13:27.371Z,2,xgboost,CanadaFires_downSampled
2024-04-14T20:12:17.800600Z,2024-04-14T20:13:28.108900Z,3,xgboost,CanadaFires_downSampled
2024-04-14T20:12:17.159300Z,2024-04-14T20:13:27.674800Z,4,xgboost,CanadaFires_downSampled
2024-04-14T20:12:17.159300Z,2024-04-14T20:13:27.554900Z,5,xgboost,CanadaFires_downSampled
2024-04-14T20:12:17.279400Z,2024-04-14T20:13:27.038500Z,6,xgboost,CanadaFires_downSampled
2024-04-14T20:12:17.279300Z,2024-04-14T20:13:26.781Z,7,xgboost,CanadaFires_downSampled
2024-04-14T20:12:17.279300Z,2024-04-14T20:13:27.964300Z,8,xgboost,CanadaFires_downSampled
2024-04-14T20:12:17.160400Z,2024-04-14T20:13:27.256900Z,9,xgboost,CanadaFires_downSampled
2024-04-14T20:12:17.160400Z,2024-04-14T20:13:27.378500Z,10,xgboost,CanadaFires_downSampled
2024-04-14T20:12:17.160400Z,2024-04-14T20:12:23.323Z,1,nearest_neighbors,CanadaFires_downSampled
2024-04-14T20:12:17.181400Z,2024-04-14T20:12:23.573Z,2,nearest_neighbors,CanadaFires_downSampled
2024-04-14T20:12:17.181300Z,2024-04-14T20:12:23.549900Z,3,nearest_neighbors,CanadaFires_downSampled
2024-04-14T20:12:17.181400Z,2024-04-14T20:12:23.563300Z,4,nearest_neighbors,CanadaFires_downSampled
2024-04-14T20:12:17.202200Z,2024-04-14T20:12:23.589400Z,5,nearest_neighbors,CanadaFires_downSampled
2024-04-14T20:12:17.202200Z,2024-04-14T20:12:23.580300Z,6,nearest_neighbors,CanadaFires_downSampled
2024-04-14T20:12:17.202200Z,2024-04-14T20:12:23.592900Z,7,nearest_neighbors,CanadaFires_downSampled
2024-04-14T20:12:17.048Z,2024-04-14T20:12:23.237400Z,8,nearest_neighbors,CanadaFires_downSampled
2024-04-14T20:13:18.191100Z,2024-04-14T20:13:25.478600Z,9,nearest_neighbors,CanadaFires_downSampled
2024-04-14T20:13:18.196Z,2024-04-14T20:13:25.540200Z,10,nearest_neighbors,CanadaFires_downSampled
2024-04-14T20:13:18.271600Z,2024-04-14T20:13:26.579900Z,1,cv_glmnet,CanadaFires_downSampled
2024-04-14T20:13:17.408Z,2024-04-14T20:13:22.487900Z,2,cv_glmnet,CanadaFires_downSampled
2024-04-14T20:13:17.407900Z,2024-04-14T20:13:22.375200Z,3,cv_glmnet,CanadaFires_downSampled
2024-04-14T20:13:17.408Z,2024-04-14T20:13:23.032100Z,4,cv_glmnet,CanadaFires_downSampled
2024-04-14T20:13:17.328700Z,2024-04-14T20:13:21.776600Z,5,cv_glmnet,CanadaFires_downSampled
2024-04-14T20:13:17.315700Z,2024-04-14T20:13:23.072100Z,6,cv_glmnet,CanadaFires_downSampled
2024-04-14T20:13:17.403100Z,2024-04-14T20:13:22.701600Z,7,cv_glmnet,CanadaFires_downSampled
2024-04-14T20:13:17.403100Z,2024-04-14T20:13:22.536100Z,8,cv_glmnet,CanadaFires_downSampled
2024-04-14T20:13:17.403100Z,2024-04-14T20:13:22.874100Z,9,cv_glmnet,CanadaFires_downSampled
2024-04-14T20:13:17.398300Z,2024-04-14T20:13:22.462Z,10,cv_glmnet,CanadaFires_downSampled
2024-04-14T20:13:17.398300Z,2024-04-14T20:13:17.566900Z,1,rpart,CanadaFires_downSampled
2024-04-14T20:13:17.398300Z,2024-04-14T20:13:17.566900Z,2,rpart,CanadaFires_downSampled
2024-04-14T20:13:17.382100Z,2024-04-14T20:13:17.566800Z,3,rpart,CanadaFires_downSampled
2024-04-14T20:13:17.382100Z,2024-04-14T20:13:17.566800Z,4,rpart,CanadaFires_downSampled
2024-04-14T20:13:17.382100Z,2024-04-14T20:13:17.566900Z,5,rpart,CanadaFires_downSampled
2024-04-14T20:13:17.486600Z,2024-04-14T20:13:17.596500Z,6,rpart,CanadaFires_downSampled
2024-04-14T20:13:17.486500Z,2024-04-14T20:13:17.596900Z,7,rpart,CanadaFires_downSampled
2024-04-14T20:13:17.486600Z,2024-04-14T20:13:17.597500Z,8,rpart,CanadaFires_downSampled
2024-04-14T20:13:17.445600Z,2024-04-14T20:13:17.560200Z,9,rpart,CanadaFires_downSampled
2024-04-14T20:13:17.445600Z,2024-04-14T20:13:17.560200Z,10,rpart,CanadaFires_downSampled
2024-04-14T20:13:17.445600Z,2024-04-14T20:13:17.520200Z,1,featureless,CanadaFires_downSampled
2024-04-14T20:13:17.311800Z,2024-04-14T20:13:17.369300Z,2,featureless,CanadaFires_downSampled
2024-04-14T20:14:18.605Z,2024-04-14T20:14:18.685500Z,3,featureless,CanadaFires_downSampled
2024-04-14T20:14:18.662100Z,2024-04-14T20:14:18.742600Z,4,featureless,CanadaFires_downSampled
2024-04-14T20:14:18.858700Z,2024-04-14T20:14:18.942600Z,5,featureless,CanadaFires_downSampled
2024-04-14T20:14:18.707Z,2024-04-14T20:14:18.788100Z,6,featureless,CanadaFires_downSampled
2024-04-14T20:14:18.691100Z,2024-04-14T20:14:18.776400Z,7,featureless,CanadaFires_downSampled
2024-04-14T20:14:18.864800Z,2024-04-14T20:14:18.949900Z,8,featureless,CanadaFires_downSampled
2024-04-14T20:14:18.524600Z,2024-04-14T20:14:18.603400Z,9,featureless,CanadaFires_downSampled
2024-04-14T20:14:18.168700Z,2024-04-14T20:14:18.241700Z,10,featureless,CanadaFires_downSampled
,,1,xgboost,CIFAR10
,,2,xgboost,CIFAR10
,,3,xgboost,CIFAR10
,,4,xgboost,CIFAR10
,,5,xgboost,CIFAR10
,,6,xgboost,CIFAR10
,,7,xgboost,CIFAR10
,,8,xgboost,CIFAR10
,,9,xgboost,CIFAR10
,,10,xgboost,CIFAR10
,,1,nearest_neighbors,CIFAR10
,,2,nearest_neighbors,CIFAR10
,,3,nearest_neighbors,CIFAR10
,,4,nearest_neighbors,CIFAR10
,,5,nearest_neighbors,CIFAR10
2024-04-14T20:14:17.614400Z,2024-04-16T17:33:43.832900Z,6,nearest_neighbors,CIFAR10
,,7,nearest_neighbors,CIFAR10
2024-04-14T20:15:18.999300Z,2024-04-16T14:32:47.184400Z,8,nearest_neighbors,CIFAR10
2024-04-14T20:15:19.022Z,2024-04-16T10:52:23.463600Z,9,nearest_neighbors,CIFAR10
,,10,nearest_neighbors,CIFAR10
2024-04-14T20:15:19.045700Z,2024-04-15T02:59:08.404600Z,1,cv_glmnet,CIFAR10
2024-04-14T20:15:19.025300Z,2024-04-15T02:54:13.205200Z,2,cv_glmnet,CIFAR10
2024-04-14T20:15:19.049100Z,2024-04-15T03:59:33.628300Z,3,cv_glmnet,CIFAR10
2024-04-14T20:15:18.809200Z,2024-04-15T02:34:45.463800Z,4,cv_glmnet,CIFAR10
2024-04-14T20:15:18.798600Z,2024-04-15T00:08:49.149700Z,5,cv_glmnet,CIFAR10
2024-04-14T20:15:18.798700Z,2024-04-15T00:15:39.436900Z,6,cv_glmnet,CIFAR10
2024-04-14T20:15:18.802300Z,2024-04-15T00:37:58.307200Z,7,cv_glmnet,CIFAR10
2024-04-14T20:15:18.802200Z,2024-04-15T00:40:23.663900Z,8,cv_glmnet,CIFAR10
2024-04-14T20:15:18.802300Z,2024-04-15T00:43:35.086100Z,9,cv_glmnet,CIFAR10
2024-04-14T20:15:18.792800Z,2024-04-15T00:02:10.722200Z,10,cv_glmnet,CIFAR10
2024-04-14T20:15:18.792800Z,2024-04-14T20:16:37.655Z,1,rpart,CIFAR10
2024-04-14T20:15:18.792900Z,2024-04-14T20:16:38.169700Z,2,rpart,CIFAR10
2024-04-14T20:15:18.810400Z,2024-04-14T20:16:37.577300Z,3,rpart,CIFAR10
2024-04-14T20:15:18.810400Z,2024-04-14T20:16:36.188100Z,4,rpart,CIFAR10
2024-04-14T20:15:18.810400Z,2024-04-14T20:16:37.293600Z,5,rpart,CIFAR10
2024-04-14T20:15:18.803Z,2024-04-14T20:16:36.401Z,6,rpart,CIFAR10
2024-04-14T20:15:18.803Z,2024-04-14T20:16:37.341Z,7,rpart,CIFAR10
2024-04-14T20:15:18.803Z,2024-04-14T20:16:36.404100Z,8,rpart,CIFAR10
2024-04-14T20:15:18.790300Z,2024-04-14T20:16:32.381300Z,9,rpart,CIFAR10
2024-04-14T20:15:18.790300Z,2024-04-14T20:16:35.112400Z,10,rpart,CIFAR10
2024-04-14T20:16:18.437Z,2024-04-14T20:16:30.029500Z,1,featureless,CIFAR10
2024-04-14T20:16:18.456300Z,2024-04-14T20:16:30.019Z,2,featureless,CIFAR10
2024-04-14T20:16:18.456300Z,2024-04-14T20:16:30.130200Z,3,featureless,CIFAR10
2024-04-14T20:16:18.456300Z,2024-04-14T20:16:30.142600Z,4,featureless,CIFAR10
2024-04-14T20:16:18.578600Z,2024-04-14T20:16:30.271200Z,5,featureless,CIFAR10
2024-04-14T20:16:18.578700Z,2024-04-14T20:16:30.230900Z,6,featureless,CIFAR10
2024-04-14T20:16:18.578600Z,2024-04-14T20:16:30.310700Z,7,featureless,CIFAR10
2024-04-14T20:16:18.516Z,2024-04-14T20:16:30.289500Z,8,featureless,CIFAR10
2024-04-14T20:16:18.516Z,2024-04-14T20:16:30.281Z,9,featureless,CIFAR10
2024-04-14T20:16:18.516Z,2024-04-14T20:16:30.289500Z,10,featureless,CIFAR10
2024-04-14T20:16:18.459900Z,2024-04-16T17:28:35.466600Z,1,xgboost,EMNIST
2024-04-14T20:16:18.459900Z,2024-04-16T17:28:44.343300Z,2,xgboost,EMNIST
2024-04-14T20:16:18.459900Z,2024-04-16T17:25:40.718Z,3,xgboost,EMNIST
2024-04-14T20:16:18.482100Z,2024-04-16T17:38:25.180200Z,4,xgboost,EMNIST
2024-04-14T20:16:18.482200Z,2024-04-16T17:33:01.203Z,5,xgboost,EMNIST
2024-04-14T20:16:18.482200Z,2024-04-16T17:38:45.120800Z,6,xgboost,EMNIST
2024-04-14T20:16:19.786500Z,2024-04-16T17:39:49.358900Z,7,xgboost,EMNIST
2024-04-14T20:16:19.786500Z,2024-04-16T17:34:24.595500Z,8,xgboost,EMNIST
2024-04-14T20:16:19.786500Z,2024-04-16T17:34:29.417Z,9,xgboost,EMNIST
2024-04-14T20:16:19.440200Z,2024-04-16T17:47:35.111100Z,10,xgboost,EMNIST
2024-04-14T20:16:19.440200Z,2024-04-15T05:01:08.361900Z,1,nearest_neighbors,EMNIST
2024-04-14T20:16:19.440200Z,2024-04-15T05:07:31.972700Z,2,nearest_neighbors,EMNIST
2024-04-14T20:16:18.446900Z,2024-04-15T05:09:12.312500Z,3,nearest_neighbors,EMNIST
2024-04-14T20:16:18.447Z,2024-04-15T05:15:21.640900Z,4,nearest_neighbors,EMNIST
2024-04-14T20:17:18.387Z,2024-04-15T05:32:44.105200Z,5,nearest_neighbors,EMNIST
2024-04-14T20:17:18.387Z,2024-04-15T05:36:37.168400Z,6,nearest_neighbors,EMNIST
2024-04-14T20:17:18.344700Z,2024-04-15T05:31:33.227100Z,7,nearest_neighbors,EMNIST
2024-04-14T20:17:18.344700Z,2024-04-15T05:17:48.245200Z,8,nearest_neighbors,EMNIST
2024-04-14T20:17:18.344700Z,2024-04-15T05:30:24.192700Z,9,nearest_neighbors,EMNIST
2024-04-14T20:17:18.369900Z,2024-04-15T05:03:20.242900Z,10,nearest_neighbors,EMNIST
2024-04-14T20:17:18.369900Z,2024-04-15T00:50:56.480200Z,1,cv_glmnet,EMNIST
2024-04-14T20:17:18.369900Z,2024-04-14T21:42:49.306500Z,2,cv_glmnet,EMNIST
2024-04-14T20:17:18.359600Z,2024-04-15T02:56:16.522500Z,3,cv_glmnet,EMNIST
2024-04-14T20:17:18.359600Z,2024-04-14T23:19:31.643500Z,4,cv_glmnet,EMNIST
2024-04-14T20:17:18.359600Z,2024-04-14T23:39:54.355200Z,5,cv_glmnet,EMNIST
2024-04-14T20:17:18.332200Z,2024-04-14T23:15:54.382200Z,6,cv_glmnet,EMNIST
2024-04-14T20:17:18.332200Z,2024-04-14T22:52:18.161400Z,7,cv_glmnet,EMNIST
2024-04-14T20:17:18.332200Z,2024-04-14T22:27:52.110800Z,8,cv_glmnet,EMNIST
2024-04-14T20:17:18.331100Z,2024-04-14T23:00:41.680700Z,9,cv_glmnet,EMNIST
2024-04-14T20:17:18.331100Z,2024-04-14T21:42:45.428100Z,10,cv_glmnet,EMNIST
2024-04-14T20:17:18.331100Z,2024-04-14T20:17:34.263Z,1,rpart,EMNIST
2024-04-14T20:17:18.338600Z,2024-04-14T20:17:33.571100Z,2,rpart,EMNIST
2024-04-14T20:17:18.338600Z,2024-04-14T20:17:33.838600Z,3,rpart,EMNIST
2024-04-14T20:17:18.338600Z,2024-04-14T20:17:33.773500Z,4,rpart,EMNIST
2024-04-14T20:17:18.329400Z,2024-04-14T20:17:35.513400Z,5,rpart,EMNIST
2024-04-14T20:17:18.390200Z,2024-04-14T20:17:33.805700Z,6,rpart,EMNIST
2024-04-14T20:17:18.390200Z,2024-04-14T20:17:33.997600Z,7,rpart,EMNIST
2024-04-14T20:17:18.390200Z,2024-04-14T20:17:33.574300Z,8,rpart,EMNIST
2024-04-14T20:18:17.929100Z,2024-04-14T20:18:39.936800Z,9,rpart,EMNIST
2024-04-14T20:18:17.756300Z,2024-04-14T20:18:31.958900Z,10,rpart,EMNIST
2024-04-14T20:18:17.756300Z,2024-04-14T20:18:22.116500Z,1,featureless,EMNIST
2024-04-14T20:18:17.756300Z,2024-04-14T20:18:22.116500Z,2,featureless,EMNIST
2024-04-14T20:18:17.753400Z,2024-04-14T20:18:24.749900Z,3,featureless,EMNIST
2024-04-14T20:18:17.750800Z,2024-04-14T20:18:22.120Z,4,featureless,EMNIST
2024-04-14T20:18:17.750800Z,2024-04-14T20:18:22.119700Z,5,featureless,EMNIST
2024-04-14T20:18:17.750800Z,2024-04-14T20:18:22.119700Z,6,featureless,EMNIST
2024-04-14T20:18:17.754800Z,2024-04-14T20:18:22.103Z,7,featureless,EMNIST
2024-04-14T20:18:17.754800Z,2024-04-14T20:18:22.103Z,8,featureless,EMNIST
2024-04-14T20:18:17.754700Z,2024-04-14T20:18:22.103700Z,9,featureless,EMNIST
2024-04-14T20:18:17.766500Z,2024-04-14T20:18:23.754400Z,10,featureless,EMNIST
,,1,xgboost,FashionMNIST
,,2,xgboost,FashionMNIST
,,3,xgboost,FashionMNIST
,,4,xgboost,FashionMNIST
,,5,xgboost,FashionMNIST
,,6,xgboost,FashionMNIST
,,7,xgboost,FashionMNIST
,,8,xgboost,FashionMNIST
,,9,xgboost,FashionMNIST
,,10,xgboost,FashionMNIST
2024-04-14T20:18:18.586600Z,2024-04-15T04:28:24.138300Z,1,nearest_neighbors,FashionMNIST
2024-04-14T20:18:18.586500Z,2024-04-15T04:28:24.555600Z,2,nearest_neighbors,FashionMNIST
2024-04-14T20:19:17.745800Z,2024-04-15T04:27:11.782900Z,3,nearest_neighbors,FashionMNIST
2024-04-14T20:19:17.476800Z,2024-04-15T04:51:05.308600Z,4,nearest_neighbors,FashionMNIST
2024-04-14T20:19:17.476800Z,2024-04-15T04:48:27.740400Z,5,nearest_neighbors,FashionMNIST
2024-04-14T20:19:17.476800Z,2024-04-15T04:54:07.546500Z,6,nearest_neighbors,FashionMNIST
2024-04-14T20:19:17.425Z,2024-04-15T04:41:24.320Z,7,nearest_neighbors,FashionMNIST
2024-04-14T20:19:17.497400Z,2024-04-15T04:43:15.889Z,8,nearest_neighbors,FashionMNIST
2024-04-14T20:19:17.497400Z,2024-04-15T04:40:23.741200Z,9,nearest_neighbors,FashionMNIST
2024-04-14T20:19:17.497400Z,2024-04-15T04:42:06.312600Z,10,nearest_neighbors,FashionMNIST
2024-04-14T20:19:17.448200Z,2024-04-15T03:34:33.065200Z,1,cv_glmnet,FashionMNIST
2024-04-14T20:19:17.448100Z,2024-04-15T01:51:10.992900Z,2,cv_glmnet,FashionMNIST
2024-04-14T20:19:17.448200Z,2024-04-15T01:56:07.487700Z,3,cv_glmnet,FashionMNIST
2024-04-14T20:19:17.463Z,2024-04-15T00:06:05.598600Z,4,cv_glmnet,FashionMNIST
2024-04-14T20:19:17.370100Z,2024-04-15T00:47:37.362700Z,5,cv_glmnet,FashionMNIST
2024-04-14T20:45:20.599300Z,2024-04-15T01:50:20.191800Z,6,cv_glmnet,FashionMNIST
2024-04-15T01:01:28.437700Z,2024-04-15T07:51:14.280Z,7,cv_glmnet,FashionMNIST
2024-04-15T01:01:28.437700Z,2024-04-15T04:01:13.164900Z,8,cv_glmnet,FashionMNIST
2024-04-15T01:01:23.922200Z,2024-04-15T05:03:11.017600Z,9,cv_glmnet,FashionMNIST
2024-04-15T01:35:36.261800Z,2024-04-15T06:29:33.935400Z,10,cv_glmnet,FashionMNIST
2024-04-15T01:51:27.274200Z,2024-04-15T01:51:50.378700Z,1,rpart,FashionMNIST
2024-04-15T01:51:27.330500Z,2024-04-15T01:51:53.486500Z,2,rpart,FashionMNIST
2024-04-15T01:52:19.297100Z,2024-04-15T01:52:40.773700Z,3,rpart,FashionMNIST
2024-04-15T01:52:19.855600Z,2024-04-15T01:52:45.850500Z,4,rpart,FashionMNIST
2024-04-15T01:53:19.117600Z,2024-04-15T01:53:42.879800Z,5,rpart,FashionMNIST
2024-04-15T01:53:19.504200Z,2024-04-15T01:53:46.635Z,6,rpart,FashionMNIST
2024-04-15T01:54:20.006300Z,2024-04-15T01:54:44.696300Z,7,rpart,FashionMNIST
2024-04-15T01:54:21.574900Z,2024-04-15T01:54:49.369200Z,8,rpart,FashionMNIST
2024-04-15T01:55:19.454900Z,2024-04-15T01:55:41.479500Z,9,rpart,FashionMNIST
2024-04-15T01:55:19.776600Z,2024-04-15T01:55:47.282600Z,10,rpart,FashionMNIST
2024-04-15T01:56:20.593900Z,2024-04-15T01:56:30.545100Z,1,featureless,FashionMNIST
2024-04-15T01:56:21.317500Z,2024-04-15T01:56:25.745Z,2,featureless,FashionMNIST
2024-04-15T01:56:21.317500Z,2024-04-15T01:56:25.745Z,3,featureless,FashionMNIST
2024-04-15T01:57:21.216700Z,2024-04-15T01:57:29.905900Z,4,featureless,FashionMNIST
2024-04-15T01:57:20.183Z,2024-04-15T01:57:24.626800Z,5,featureless,FashionMNIST
2024-04-15T01:57:20.183Z,2024-04-15T01:57:24.626800Z,6,featureless,FashionMNIST
2024-04-15T01:58:20.000600Z,2024-04-15T01:58:32.334300Z,7,featureless,FashionMNIST
2024-04-15T01:58:20.489600Z,2024-04-15T01:58:24.865500Z,8,featureless,FashionMNIST
2024-04-15T01:58:20.489600Z,2024-04-15T01:58:24.900700Z,9,featureless,FashionMNIST
2024-04-15T01:59:19.508600Z,2024-04-15T01:59:30.666600Z,10,featureless,FashionMNIST
,,1,xgboost,FishSonar_river
,,2,xgboost,FishSonar_river
,,3,xgboost,FishSonar_river
,,4,xgboost,FishSonar_river
,,5,xgboost,FishSonar_river
,,6,xgboost,FishSonar_river
,,7,xgboost,FishSonar_river
,,8,xgboost,FishSonar_river
,,9,xgboost,FishSonar_river
,,10,xgboost,FishSonar_river
,,1,nearest_neighbors,FishSonar_river
,,2,nearest_neighbors,FishSonar_river
,,3,nearest_neighbors,FishSonar_river
,,4,nearest_neighbors,FishSonar_river
,,5,nearest_neighbors,FishSonar_river
,,6,nearest_neighbors,FishSonar_river
,,7,nearest_neighbors,FishSonar_river
,,8,nearest_neighbors,FishSonar_river
,,9,nearest_neighbors,FishSonar_river
,,10,nearest_neighbors,FishSonar_river
2024-04-15T05:01:24.663500Z,2024-04-15T05:25:36.341100Z,1,cv_glmnet,FishSonar_river
2024-04-15T05:02:21.907600Z,2024-04-15T05:27:39.732300Z,2,cv_glmnet,FishSonar_river
2024-04-15T05:03:21.822800Z,2024-04-15T05:25:16.533400Z,3,cv_glmnet,FishSonar_river
2024-04-15T05:04:22.160400Z,2024-04-15T05:25:16.754Z,4,cv_glmnet,FishSonar_river
2024-04-15T05:08:21.629Z,2024-04-15T05:33:17.225Z,5,cv_glmnet,FishSonar_river
2024-04-15T05:10:23.052Z,2024-04-15T05:33:40.257400Z,6,cv_glmnet,FishSonar_river
2024-04-15T05:16:22.746300Z,2024-04-15T05:33:20.750600Z,7,cv_glmnet,FishSonar_river
2024-04-15T05:18:24.048700Z,2024-04-15T05:38:06.802500Z,8,cv_glmnet,FishSonar_river
2024-04-15T05:25:24.424800Z,2024-04-15T05:47:26.821100Z,9,cv_glmnet,FishSonar_river
2024-04-15T05:25:24.428100Z,2024-04-15T05:46:37.767100Z,10,cv_glmnet,FishSonar_river
2024-04-15T05:26:27.430200Z,2024-04-15T05:29:37.776500Z,1,rpart,FishSonar_river
2024-04-15T05:28:22.631200Z,2024-04-15T05:31:28.295400Z,2,rpart,FishSonar_river
2024-04-15T05:30:22.751800Z,2024-04-15T05:33:24.628800Z,3,rpart,FishSonar_river
2024-04-15T05:31:23.731900Z,2024-04-15T05:35:46.006Z,4,rpart,FishSonar_river
2024-04-15T05:32:22.888300Z,2024-04-15T05:36:02.382800Z,5,rpart,FishSonar_river
2024-04-15T05:32:22.839900Z,2024-04-15T05:35:22.914500Z,6,rpart,FishSonar_river
2024-04-15T05:33:22.791400Z,2024-04-15T05:36:37.521800Z,7,rpart,FishSonar_river
2024-04-15T05:34:22.846700Z,2024-04-15T05:37:19.074600Z,8,rpart,FishSonar_river
2024-04-15T05:34:22.840100Z,2024-04-15T05:37:13.817200Z,9,rpart,FishSonar_river
2024-04-15T05:34:22.840100Z,2024-04-15T05:37:06.974100Z,10,rpart,FishSonar_river
2024-04-15T05:35:23.067900Z,2024-04-15T05:35:32.533900Z,1,featureless,FishSonar_river
2024-04-15T05:36:23.144300Z,2024-04-15T05:36:33.998700Z,2,featureless,FishSonar_river
2024-04-15T05:36:23.144300Z,2024-04-15T05:36:33.997300Z,3,featureless,FishSonar_river
2024-04-15T05:36:23.093200Z,2024-04-15T05:36:33.093700Z,4,featureless,FishSonar_river
2024-04-15T05:36:23.081600Z,2024-04-15T05:36:32.517600Z,5,featureless,FishSonar_river
2024-04-15T05:37:23.139400Z,2024-04-15T05:37:33.079500Z,6,featureless,FishSonar_river
2024-04-15T05:37:23.139400Z,2024-04-15T05:37:33.059800Z,7,featureless,FishSonar_river
2024-04-15T05:37:23.195600Z,2024-04-15T05:37:33.892600Z,8,featureless,FishSonar_river
2024-04-15T05:37:23.195600Z,2024-04-15T05:37:33.911700Z,9,featureless,FishSonar_river
2024-04-15T05:37:23.133200Z,2024-04-15T05:37:32.907200Z,10,featureless,FishSonar_river
,,1,xgboost,KMNIST
,,2,xgboost,KMNIST
,,3,xgboost,KMNIST
,,4,xgboost,KMNIST
,,5,xgboost,KMNIST
,,6,xgboost,KMNIST
,,7,xgboost,KMNIST
,,8,xgboost,KMNIST
,,9,xgboost,KMNIST
,,10,xgboost,KMNIST
2024-04-15T05:47:22.250200Z,2024-04-15T18:50:32.359900Z,1,nearest_neighbors,KMNIST
2024-04-15T05:48:22.079400Z,2024-04-15T19:10:18.831400Z,2,nearest_neighbors,KMNIST
2024-04-15T08:01:27.964100Z,2024-04-15T22:35:05.562Z,3,nearest_neighbors,KMNIST
2024-04-15T08:01:27.998500Z,2024-04-15T22:40:14.300200Z,4,nearest_neighbors,KMNIST
2024-04-15T08:01:39.356400Z,2024-04-15T22:37:01.409200Z,5,nearest_neighbors,KMNIST
2024-04-15T08:01:29.689200Z,2024-04-15T20:45:21.688700Z,6,nearest_neighbors,KMNIST
2024-04-15T08:01:27.928800Z,2024-04-15T19:40:29.707100Z,7,nearest_neighbors,KMNIST
2024-04-15T08:30:30.089900Z,2024-04-15T23:07:16.965700Z,8,nearest_neighbors,KMNIST
2024-04-15T09:10:28.872200Z,2024-04-15T23:41:51.629400Z,9,nearest_neighbors,KMNIST
2024-04-15T09:45:30.503400Z,2024-04-16T00:23:35.328600Z,10,nearest_neighbors,KMNIST
2024-04-15T10:20:38.704300Z,2024-04-15T12:53:41.729500Z,1,cv_glmnet,KMNIST
2024-04-15T10:55:37.745700Z,2024-04-15T13:28:17.206500Z,2,cv_glmnet,KMNIST
2024-04-15T11:30:37.730400Z,2024-04-15T14:00:34.689300Z,3,cv_glmnet,KMNIST
2024-04-15T16:57:26.051Z,2024-04-15T19:31:33.771400Z,4,cv_glmnet,KMNIST
2024-04-15T14:01:11.546100Z,2024-04-15T16:30:37.294300Z,5,cv_glmnet,KMNIST
2024-04-15T14:25:10.246Z,2024-04-15T16:55:38.367Z,6,cv_glmnet,KMNIST
2024-04-15T15:00:10.232400Z,2024-04-15T17:30:38.635200Z,7,cv_glmnet,KMNIST
2024-04-15T15:35:14.872800Z,2024-04-15T18:04:34.442700Z,8,cv_glmnet,KMNIST
2024-04-15T16:02:26.327700Z,2024-04-15T17:21:54.989600Z,9,cv_glmnet,KMNIST
2024-04-15T16:31:27.861400Z,2024-04-15T19:03:12.315300Z,10,cv_glmnet,KMNIST
2024-04-15T16:56:28.679200Z,2024-04-15T16:56:55.557200Z,1,rpart,KMNIST
2024-04-15T17:22:33.682800Z,2024-04-15T17:22:57.508700Z,2,rpart,KMNIST
2024-04-15T17:23:33.988800Z,2024-04-15T17:23:55.017700Z,3,rpart,KMNIST
2024-04-15T17:24:27.010Z,2024-04-15T17:24:47.638800Z,4,rpart,KMNIST
2024-04-15T17:25:25.021200Z,2024-04-15T17:25:46.237800Z,5,rpart,KMNIST
2024-04-15T17:26:25.091500Z,2024-04-15T17:26:45.358Z,6,rpart,KMNIST
2024-04-15T17:27:28.356100Z,2024-04-15T17:27:48.938400Z,7,rpart,KMNIST
2024-04-15T17:28:25.995100Z,2024-04-15T17:28:46.995100Z,8,rpart,KMNIST
2024-04-15T17:29:25.314600Z,2024-04-15T17:29:45.493300Z,9,rpart,KMNIST
2024-04-15T17:30:25.170400Z,2024-04-15T17:30:45.445400Z,10,rpart,KMNIST
2024-04-15T17:31:30.115100Z,2024-04-15T17:31:37.496700Z,1,featureless,KMNIST
2024-04-15T17:31:57.986500Z,2024-04-15T17:32:07.410200Z,2,featureless,KMNIST
2024-04-15T17:32:25.395300Z,2024-04-15T17:32:32.468500Z,3,featureless,KMNIST
2024-04-15T17:32:42.836300Z,2024-04-15T17:32:52.388100Z,4,featureless,KMNIST
2024-04-15T17:33:27.581600Z,2024-04-15T17:33:35.523900Z,5,featureless,KMNIST
2024-04-15T17:33:38.795300Z,2024-04-15T17:33:48.912500Z,6,featureless,KMNIST
2024-04-15T17:34:30.807300Z,2024-04-15T17:34:37.514800Z,7,featureless,KMNIST
2024-04-15T17:34:26.396100Z,2024-04-15T17:34:33.084500Z,8,featureless,KMNIST
2024-04-15T17:35:27.688500Z,2024-04-15T17:35:34.522100Z,9,featureless,KMNIST
2024-04-15T17:35:27.385300Z,2024-04-15T17:35:33.695700Z,10,featureless,KMNIST
2024-04-15T17:36:26.248100Z,2024-04-17T11:59:24.313300Z,1,xgboost,MNIST
2024-04-15T17:36:25.397200Z,2024-04-17T11:43:22.840Z,2,xgboost,MNIST
,,3,xgboost,MNIST
,,4,xgboost,MNIST
,,5,xgboost,MNIST
,,6,xgboost,MNIST
,,7,xgboost,MNIST
,,8,xgboost,MNIST
,,9,xgboost,MNIST
,,10,xgboost,MNIST
2024-04-15T19:31:50.751400Z,2024-04-16T09:11:25.959700Z,1,nearest_neighbors,MNIST
2024-04-15T19:40:52.580500Z,2024-04-16T09:47:58.989400Z,2,nearest_neighbors,MNIST
2024-04-15T21:01:25.440800Z,2024-04-16T12:14:29.773800Z,3,nearest_neighbors,MNIST
2024-04-15T21:01:12.619300Z,2024-04-16T11:31:27.748100Z,4,nearest_neighbors,MNIST
2024-04-15T21:01:00.847400Z,2024-04-16T10:44:47.768600Z,5,nearest_neighbors,MNIST
2024-04-15T21:01:04.379600Z,2024-04-16T11:36:56.959800Z,6,nearest_neighbors,MNIST
2024-04-15T21:01:12.653100Z,2024-04-16T12:11:15.534700Z,7,nearest_neighbors,MNIST
2024-04-15T23:01:32.635Z,2024-04-16T13:58:19.119900Z,8,nearest_neighbors,MNIST
2024-04-15T23:01:32.634900Z,2024-04-16T14:44:37.198500Z,9,nearest_neighbors,MNIST
2024-04-15T23:01:41.277300Z,2024-04-16T14:28:48.095Z,10,nearest_neighbors,MNIST
2024-04-15T23:01:41.258300Z,2024-04-16T09:17:39.877700Z,1,cv_glmnet,MNIST
2024-04-15T23:01:32.676600Z,2024-04-16T07:19:42.656200Z,2,cv_glmnet,MNIST
2024-04-15T23:01:32.645300Z,2024-04-16T08:52:13.124500Z,3,cv_glmnet,MNIST
2024-04-16T05:00:40.932500Z,2024-04-16T07:39:41.835100Z,4,cv_glmnet,MNIST
2024-04-16T05:00:55.148900Z,2024-04-16T13:01:22.792Z,5,cv_glmnet,MNIST
2024-04-16T05:00:40.933300Z,2024-04-16T12:05:46.409100Z,6,cv_glmnet,MNIST
2024-04-16T05:00:46.059500Z,2024-04-16T13:33:18.386700Z,7,cv_glmnet,MNIST
2024-04-16T05:00:44.230400Z,2024-04-16T13:05:57.487500Z,8,cv_glmnet,MNIST
2024-04-16T05:00:44.230400Z,2024-04-16T12:56:32.898Z,9,cv_glmnet,MNIST
2024-04-16T05:00:44.230400Z,2024-04-16T13:00:13.906400Z,10,cv_glmnet,MNIST
2024-04-16T05:00:44.182700Z,2024-04-16T05:00:58.594200Z,1,rpart,MNIST
2024-04-16T05:00:44.185700Z,2024-04-16T05:00:58.528600Z,2,rpart,MNIST
2024-04-16T05:00:48.837900Z,2024-04-16T05:01:03.212100Z,3,rpart,MNIST
2024-04-16T05:00:48.838Z,2024-04-16T05:01:02.808100Z,4,rpart,MNIST
2024-04-16T05:00:44.244600Z,2024-04-16T05:01:01.799100Z,5,rpart,MNIST
2024-04-16T05:00:42.700300Z,2024-04-16T05:00:57.228800Z,6,rpart,MNIST
2024-04-16T05:01:37.918600Z,2024-04-16T05:01:52.035200Z,7,rpart,MNIST
2024-04-16T05:01:39.031100Z,2024-04-16T05:01:53.275600Z,8,rpart,MNIST
2024-04-16T05:01:43.139200Z,2024-04-16T05:01:57.250200Z,9,rpart,MNIST
2024-04-16T05:01:43.139300Z,2024-04-16T05:01:56.958700Z,10,rpart,MNIST
2024-04-16T05:01:38.290900Z,2024-04-16T05:01:44.547600Z,1,featureless,MNIST
2024-04-16T05:01:37.793300Z,2024-04-16T05:01:42.737Z,2,featureless,MNIST
2024-04-16T05:02:38.061600Z,2024-04-16T05:02:43.029500Z,3,featureless,MNIST
2024-04-16T05:02:41.647900Z,2024-04-16T05:02:46.680700Z,4,featureless,MNIST
2024-04-16T05:02:41.355200Z,2024-04-16T05:02:45.633800Z,5,featureless,MNIST
2024-04-16T05:02:41.355Z,2024-04-16T05:02:45.617800Z,6,featureless,MNIST
2024-04-16T05:02:38.374500Z,2024-04-16T05:02:44.596Z,7,featureless,MNIST
2024-04-16T05:02:37.894300Z,2024-04-16T05:02:42.849300Z,8,featureless,MNIST
2024-04-16T05:03:40.224400Z,2024-04-16T05:03:46.676500Z,9,featureless,MNIST
2024-04-16T05:03:38.198300Z,2024-04-16T05:03:43.312100Z,10,featureless,MNIST
,,1,xgboost,MNIST_EMNIST
,,2,xgboost,MNIST_EMNIST
,,3,xgboost,MNIST_EMNIST
,,4,xgboost,MNIST_EMNIST
,,5,xgboost,MNIST_EMNIST
,,6,xgboost,MNIST_EMNIST
,,7,xgboost,MNIST_EMNIST
,,8,xgboost,MNIST_EMNIST
,,9,xgboost,MNIST_EMNIST
,,10,xgboost,MNIST_EMNIST
,,1,nearest_neighbors,MNIST_EMNIST
,,2,nearest_neighbors,MNIST_EMNIST
,,3,nearest_neighbors,MNIST_EMNIST
,,4,nearest_neighbors,MNIST_EMNIST
,,5,nearest_neighbors,MNIST_EMNIST
,,6,nearest_neighbors,MNIST_EMNIST
,,7,nearest_neighbors,MNIST_EMNIST
,,8,nearest_neighbors,MNIST_EMNIST
,,9,nearest_neighbors,MNIST_EMNIST
,,10,nearest_neighbors,MNIST_EMNIST
,,1,cv_glmnet,MNIST_EMNIST
,,2,cv_glmnet,MNIST_EMNIST
,,3,cv_glmnet,MNIST_EMNIST
,,4,cv_glmnet,MNIST_EMNIST
,,5,cv_glmnet,MNIST_EMNIST
,,6,cv_glmnet,MNIST_EMNIST
,,7,cv_glmnet,MNIST_EMNIST
,,8,cv_glmnet,MNIST_EMNIST
,,9,cv_glmnet,MNIST_EMNIST
,,10,cv_glmnet,MNIST_EMNIST
2024-04-17T15:33:32.740700Z,2024-04-17T15:34:02.701700Z,1,rpart,MNIST_EMNIST
2024-04-17T15:33:32.740700Z,2024-04-17T15:34:02.613100Z,2,rpart,MNIST_EMNIST
2024-04-17T15:33:54.877900Z,2024-04-17T15:34:26.158Z,3,rpart,MNIST_EMNIST
2024-04-17T15:33:46.228100Z,2024-04-17T15:34:15.101900Z,4,rpart,MNIST_EMNIST
2024-04-17T15:33:46.227900Z,2024-04-17T15:34:15.431800Z,5,rpart,MNIST_EMNIST
2024-04-17T15:33:42.501100Z,2024-04-17T15:34:17.261200Z,6,rpart,MNIST_EMNIST
2024-04-17T15:33:42.501100Z,2024-04-17T15:34:17.449400Z,7,rpart,MNIST_EMNIST
2024-04-17T15:33:32.741200Z,2024-04-17T15:34:02.084900Z,8,rpart,MNIST_EMNIST
2024-04-17T15:33:32.741200Z,2024-04-17T15:34:01.700400Z,9,rpart,MNIST_EMNIST
2024-04-17T15:33:46.272100Z,2024-04-17T15:34:19.600400Z,10,rpart,MNIST_EMNIST
2024-04-17T15:33:32.740800Z,2024-04-17T15:33:40.954900Z,1,featureless,MNIST_EMNIST
2024-04-17T15:33:32.740600Z,2024-04-17T15:33:40.832800Z,2,featureless,MNIST_EMNIST
2024-04-17T15:34:31.936100Z,2024-04-17T15:34:39.173500Z,3,featureless,MNIST_EMNIST
2024-04-17T15:34:31.936100Z,2024-04-17T15:34:39.191200Z,4,featureless,MNIST_EMNIST
2024-04-17T15:34:31.862600Z,2024-04-17T15:34:39.324600Z,5,featureless,MNIST_EMNIST
2024-04-17T15:34:33.026700Z,2024-04-17T15:34:40.254800Z,6,featureless,MNIST_EMNIST
2024-04-17T15:34:33.026700Z,2024-04-17T15:34:40.111600Z,7,featureless,MNIST_EMNIST
2024-04-17T15:34:33.026700Z,2024-04-17T15:34:40.276500Z,8,featureless,MNIST_EMNIST
2024-04-17T15:34:31.934200Z,2024-04-17T15:34:39.251700Z,9,featureless,MNIST_EMNIST
2024-04-17T15:34:31.934100Z,2024-04-17T15:34:39.232300Z,10,featureless,MNIST_EMNIST
,,1,xgboost,MNIST_EMNIST_rot
,,2,xgboost,MNIST_EMNIST_rot
,,3,xgboost,MNIST_EMNIST_rot
,,4,xgboost,MNIST_EMNIST_rot
,,5,xgboost,MNIST_EMNIST_rot
,,6,xgboost,MNIST_EMNIST_rot
,,7,xgboost,MNIST_EMNIST_rot
,,8,xgboost,MNIST_EMNIST_rot
,,9,xgboost,MNIST_EMNIST_rot
,,10,xgboost,MNIST_EMNIST_rot
,,1,nearest_neighbors,MNIST_EMNIST_rot
,,2,nearest_neighbors,MNIST_EMNIST_rot
,,3,nearest_neighbors,MNIST_EMNIST_rot
,,4,nearest_neighbors,MNIST_EMNIST_rot
,,5,nearest_neighbors,MNIST_EMNIST_rot
,,6,nearest_neighbors,MNIST_EMNIST_rot
,,7,nearest_neighbors,MNIST_EMNIST_rot
,,8,nearest_neighbors,MNIST_EMNIST_rot
,,9,nearest_neighbors,MNIST_EMNIST_rot
,,10,nearest_neighbors,MNIST_EMNIST_rot
,,1,cv_glmnet,MNIST_EMNIST_rot
,,2,cv_glmnet,MNIST_EMNIST_rot
,,3,cv_glmnet,MNIST_EMNIST_rot
,,4,cv_glmnet,MNIST_EMNIST_rot
,,5,cv_glmnet,MNIST_EMNIST_rot
,,6,cv_glmnet,MNIST_EMNIST_rot
,,7,cv_glmnet,MNIST_EMNIST_rot
,,8,cv_glmnet,MNIST_EMNIST_rot
,,9,cv_glmnet,MNIST_EMNIST_rot
,,10,cv_glmnet,MNIST_EMNIST_rot
2024-04-17T16:29:52.348400Z,2024-04-17T16:30:28.302100Z,1,rpart,MNIST_EMNIST_rot
2024-04-17T16:30:39.051200Z,2024-04-17T16:31:14.840500Z,2,rpart,MNIST_EMNIST_rot
2024-04-17T16:31:39.451300Z,2024-04-17T16:32:15.215Z,3,rpart,MNIST_EMNIST_rot
2024-04-17T16:32:39.220500Z,2024-04-17T16:33:14.634Z,4,rpart,MNIST_EMNIST_rot
2024-04-17T16:33:39.295700Z,2024-04-17T16:34:14.937700Z,5,rpart,MNIST_EMNIST_rot
2024-04-17T16:34:39.144200Z,2024-04-17T16:35:14.881600Z,6,rpart,MNIST_EMNIST_rot
2024-04-17T16:35:39.624200Z,2024-04-17T16:36:15.105300Z,7,rpart,MNIST_EMNIST_rot
2024-04-17T16:36:39.725100Z,2024-04-17T16:37:15.540200Z,8,rpart,MNIST_EMNIST_rot
2024-04-17T16:37:39.328400Z,2024-04-17T16:38:14.657200Z,9,rpart,MNIST_EMNIST_rot
2024-04-17T16:38:39.737400Z,2024-04-17T16:39:15.055200Z,10,rpart,MNIST_EMNIST_rot
2024-04-17T16:39:39.682400Z,2024-04-17T16:39:48.008900Z,1,featureless,MNIST_EMNIST_rot
2024-04-17T16:40:39.455700Z,2024-04-17T16:40:47.798100Z,2,featureless,MNIST_EMNIST_rot
2024-04-17T17:00:42.708400Z,2024-04-17T17:00:49.892500Z,3,featureless,MNIST_EMNIST_rot
2024-04-17T17:00:42.705500Z,2024-04-17T17:00:49.759600Z,4,featureless,MNIST_EMNIST_rot
2024-04-17T17:02:04.246300Z,2024-04-17T17:02:11.541100Z,5,featureless,MNIST_EMNIST_rot
2024-04-17T17:02:04.236300Z,2024-04-17T17:02:11.504Z,6,featureless,MNIST_EMNIST_rot
2024-04-17T17:03:02.222900Z,2024-04-17T17:03:09.541100Z,7,featureless,MNIST_EMNIST_rot
2024-04-17T17:03:02.201200Z,2024-04-17T17:03:09.353700Z,8,featureless,MNIST_EMNIST_rot
2024-04-17T17:03:46.989200Z,2024-04-17T17:03:54.293800Z,9,featureless,MNIST_EMNIST_rot
2024-04-17T17:03:46.988600Z,2024-04-17T17:03:54.202600Z,10,featureless,MNIST_EMNIST_rot
,,1,xgboost,MNIST_FashionMNIST
,,2,xgboost,MNIST_FashionMNIST
,,3,xgboost,MNIST_FashionMNIST
,,4,xgboost,MNIST_FashionMNIST
,,5,xgboost,MNIST_FashionMNIST
,,6,xgboost,MNIST_FashionMNIST
,,7,xgboost,MNIST_FashionMNIST
,,8,xgboost,MNIST_FashionMNIST
,,9,xgboost,MNIST_FashionMNIST
,,10,xgboost,MNIST_FashionMNIST
,,1,nearest_neighbors,MNIST_FashionMNIST
,,2,nearest_neighbors,MNIST_FashionMNIST
,,3,nearest_neighbors,MNIST_FashionMNIST
,,4,nearest_neighbors,MNIST_FashionMNIST
,,5,nearest_neighbors,MNIST_FashionMNIST
,,6,nearest_neighbors,MNIST_FashionMNIST
,,7,nearest_neighbors,MNIST_FashionMNIST
,,8,nearest_neighbors,MNIST_FashionMNIST
,,9,nearest_neighbors,MNIST_FashionMNIST
,,10,nearest_neighbors,MNIST_FashionMNIST
,,1,cv_glmnet,MNIST_FashionMNIST
,,2,cv_glmnet,MNIST_FashionMNIST
,,3,cv_glmnet,MNIST_FashionMNIST
,,4,cv_glmnet,MNIST_FashionMNIST
,,5,cv_glmnet,MNIST_FashionMNIST
,,6,cv_glmnet,MNIST_FashionMNIST
,,7,cv_glmnet,MNIST_FashionMNIST
,,8,cv_glmnet,MNIST_FashionMNIST
,,9,cv_glmnet,MNIST_FashionMNIST
,,10,cv_glmnet,MNIST_FashionMNIST
,,1,rpart,MNIST_FashionMNIST
,,2,rpart,MNIST_FashionMNIST
,,3,rpart,MNIST_FashionMNIST
,,4,rpart,MNIST_FashionMNIST
,,5,rpart,MNIST_FashionMNIST
,,6,rpart,MNIST_FashionMNIST
,,7,rpart,MNIST_FashionMNIST
,,8,rpart,MNIST_FashionMNIST
,,9,rpart,MNIST_FashionMNIST
,,10,rpart,MNIST_FashionMNIST
,,1,featureless,MNIST_FashionMNIST
,,2,featureless,MNIST_FashionMNIST
,,3,featureless,MNIST_FashionMNIST
,,4,featureless,MNIST_FashionMNIST
,,5,featureless,MNIST_FashionMNIST
,,6,featureless,MNIST_FashionMNIST
,,7,featureless,MNIST_FashionMNIST
,,8,featureless,MNIST_FashionMNIST
,,9,featureless,MNIST_FashionMNIST
,,10,featureless,MNIST_FashionMNIST
,,1,xgboost,NSCH_autism
,,2,xgboost,NSCH_autism
,,3,xgboost,NSCH_autism
,,4,xgboost,NSCH_autism
,,5,xgboost,NSCH_autism
,,6,xgboost,NSCH_autism
,,7,xgboost,NSCH_autism
,,8,xgboost,NSCH_autism
,,9,xgboost,NSCH_autism
,,10,xgboost,NSCH_autism
,,1,nearest_neighbors,NSCH_autism
,,2,nearest_neighbors,NSCH_autism
,,3,nearest_neighbors,NSCH_autism
,,4,nearest_neighbors,NSCH_autism
,,5,nearest_neighbors,NSCH_autism
,,6,nearest_neighbors,NSCH_autism
,,7,nearest_neighbors,NSCH_autism
,,8,nearest_neighbors,NSCH_autism
,,9,nearest_neighbors,NSCH_autism
,,10,nearest_neighbors,NSCH_autism
,,1,cv_glmnet,NSCH_autism
,,2,cv_glmnet,NSCH_autism
,,3,cv_glmnet,NSCH_autism
,,4,cv_glmnet,NSCH_autism
,,5,cv_glmnet,NSCH_autism
,,6,cv_glmnet,NSCH_autism
,,7,cv_glmnet,NSCH_autism
,,8,cv_glmnet,NSCH_autism
,,9,cv_glmnet,NSCH_autism
,,10,cv_glmnet,NSCH_autism
,,1,rpart,NSCH_autism
,,2,rpart,NSCH_autism
,,3,rpart,NSCH_autism
,,4,rpart,NSCH_autism
,,5,rpart,NSCH_autism
,,6,rpart,NSCH_autism
,,7,rpart,NSCH_autism
,,8,rpart,NSCH_autism
,,9,rpart,NSCH_autism
,,10,rpart,NSCH_autism
,,1,featureless,NSCH_autism
,,2,featureless,NSCH_autism
,,3,featureless,NSCH_autism
,,4,featureless,NSCH_autism
,,5,featureless,NSCH_autism
,,6,featureless,NSCH_autism
,,7,featureless,NSCH_autism
,,8,featureless,NSCH_autism
,,9,featureless,NSCH_autism
,,10,featureless,NSCH_autism
,,1,xgboost,QMNIST
,,2,xgboost,QMNIST
,,3,xgboost,QMNIST
,,4,xgboost,QMNIST
,,5,xgboost,QMNIST
,,6,xgboost,QMNIST
,,7,xgboost,QMNIST
,,8,xgboost,QMNIST
,,9,xgboost,QMNIST
,,10,xgboost,QMNIST
,,1,nearest_neighbors,QMNIST
,,2,nearest_neighbors,QMNIST
,,3,nearest_neighbors,QMNIST
,,4,nearest_neighbors,QMNIST
,,5,nearest_neighbors,QMNIST
,,6,nearest_neighbors,QMNIST
,,7,nearest_neighbors,QMNIST
,,8,nearest_neighbors,QMNIST
,,9,nearest_neighbors,QMNIST
,,10,nearest_neighbors,QMNIST
,,1,cv_glmnet,QMNIST
,,2,cv_glmnet,QMNIST
,,3,cv_glmnet,QMNIST
,,4,cv_glmnet,QMNIST
,,5,cv_glmnet,QMNIST
,,6,cv_glmnet,QMNIST
,,7,cv_glmnet,QMNIST
,,8,cv_glmnet,QMNIST
,,9,cv_glmnet,QMNIST
,,10,cv_glmnet,QMNIST
,,1,rpart,QMNIST
,,2,rpart,QMNIST
,,3,rpart,QMNIST
,,4,rpart,QMNIST
,,5,rpart,QMNIST
,,6,rpart,QMNIST
,,7,rpart,QMNIST
,,8,rpart,QMNIST
,,9,rpart,QMNIST
,,10,rpart,QMNIST
,,1,featureless,QMNIST
,,2,featureless,QMNIST
,,3,featureless,QMNIST
,,4,featureless,QMNIST
,,5,featureless,QMNIST
,,6,featureless,QMNIST
,,7,featureless,QMNIST
,,8,featureless,QMNIST
,,9,featureless,QMNIST
,,10,featureless,QMNIST
,,1,xgboost,spam
,,2,xgboost,spam
,,3,xgboost,spam
,,4,xgboost,spam
,,5,xgboost,spam
,,6,xgboost,spam
,,7,xgboost,spam
,,8,xgboost,spam
,,9,xgboost,spam
,,10,xgboost,spam
,,1,nearest_neighbors,spam
,,2,nearest_neighbors,spam
,,3,nearest_neighbors,spam
,,4,nearest_neighbors,spam
,,5,nearest_neighbors,spam
,,6,nearest_neighbors,spam
,,7,nearest_neighbors,spam
,,8,nearest_neighbors,spam
,,9,nearest_neighbors,spam
,,10,nearest_neighbors,spam
,,1,cv_glmnet,spam
,,2,cv_glmnet,spam
,,3,cv_glmnet,spam
,,4,cv_glmnet,spam
,,5,cv_glmnet,spam
,,6,cv_glmnet,spam
,,7,cv_glmnet,spam
,,8,cv_glmnet,spam
,,9,cv_glmnet,spam
,,10,cv_glmnet,spam
,,1,rpart,spam
,,2,rpart,spam
,,3,rpart,spam
,,4,rpart,spam
,,5,rpart,spam
,,6,rpart,spam
,,7,rpart,spam
,,8,rpart,spam
,,9,rpart,spam
,,10,rpart,spam
,,1,featureless,spam
,,2,featureless,spam
,,3,featureless,spam
,,4,featureless,spam
,,5,featureless,spam
,,6,featureless,spam
,,7,featureless,spam
,,8,featureless,spam
,,9,featureless,spam
,,10,featureless,spam
,,1,xgboost,STL10
,,2,xgboost,STL10
,,3,xgboost,STL10
,,4,xgboost,STL10
,,5,xgboost,STL10
,,6,xgboost,STL10
,,7,xgboost,STL10
,,8,xgboost,STL10
,,9,xgboost,STL10
,,10,xgboost,STL10
,,1,nearest_neighbors,STL10
,,2,nearest_neighbors,STL10
,,3,nearest_neighbors,STL10
,,4,nearest_neighbors,STL10
,,5,nearest_neighbors,STL10
,,6,nearest_neighbors,STL10
,,7,nearest_neighbors,STL10
,,8,nearest_neighbors,STL10
,,9,nearest_neighbors,STL10
,,10,nearest_neighbors,STL10
,,1,cv_glmnet,STL10
,,2,cv_glmnet,STL10
,,3,cv_glmnet,STL10
,,4,cv_glmnet,STL10
,,5,cv_glmnet,STL10
,,6,cv_glmnet,STL10
,,7,cv_glmnet,STL10
,,8,cv_glmnet,STL10
,,9,cv_glmnet,STL10
,,10,cv_glmnet,STL10
,,1,rpart,STL10
,,2,rpart,STL10
,,3,rpart,STL10
,,4,rpart,STL10
,,5,rpart,STL10
,,6,rpart,STL10
,,7,rpart,STL10
,,8,rpart,STL10
,,9,rpart,STL10
,,10,rpart,STL10
,,1,featureless,STL10
,,2,featureless,STL10
,,3,featureless,STL10
,,4,featureless,STL10
,,5,featureless,STL10
,,6,featureless,STL10
,,7,featureless,STL10
,,8,featureless,STL10
,,9,featureless,STL10
,,10,featureless,STL10
,,1,xgboost,vowel
,,2,xgboost,vowel
,,3,xgboost,vowel
,,4,xgboost,vowel
,,5,xgboost,vowel
,,6,xgboost,vowel
,,7,xgboost,vowel
,,8,xgboost,vowel
,,9,xgboost,vowel
,,10,xgboost,vowel
,,1,nearest_neighbors,vowel
,,2,nearest_neighbors,vowel
,,3,nearest_neighbors,vowel
,,4,nearest_neighbors,vowel
,,5,nearest_neighbors,vowel
,,6,nearest_neighbors,vowel
,,7,nearest_neighbors,vowel
,,8,nearest_neighbors,vowel
,,9,nearest_neighbors,vowel
,,10,nearest_neighbors,vowel
,,1,cv_glmnet,vowel
,,2,cv_glmnet,vowel
,,3,cv_glmnet,vowel
,,4,cv_glmnet,vowel
,,5,cv_glmnet,vowel
,,6,cv_glmnet,vowel
,,7,cv_glmnet,vowel
,,8,cv_glmnet,vowel
,,9,cv_glmnet,vowel
,,10,cv_glmnet,vowel
,,1,rpart,vowel
,,2,rpart,vowel
,,3,rpart,vowel
,,4,rpart,vowel
,,5,rpart,vowel
,,6,rpart,vowel
,,7,rpart,vowel
,,8,rpart,vowel
,,9,rpart,vowel
,,10,rpart,vowel
,,1,featureless,vowel
,,2,featureless,vowel
,,3,featureless,vowel
,,4,featureless,vowel
,,5,featureless,vowel
,,6,featureless,vowel
,,7,featureless,vowel
,,8,featureless,vowel
,,9,featureless,vowel
,,10,featureless,vowel
,,1,xgboost,waveform
,,2,xgboost,waveform
,,3,xgboost,waveform
,,4,xgboost,waveform
,,5,xgboost,waveform
,,6,xgboost,waveform
,,7,xgboost,waveform
,,8,xgboost,waveform
,,9,xgboost,waveform
,,10,xgboost,waveform
,,1,nearest_neighbors,waveform
,,2,nearest_neighbors,waveform
,,3,nearest_neighbors,waveform
,,4,nearest_neighbors,waveform
,,5,nearest_neighbors,waveform
,,6,nearest_neighbors,waveform
,,7,nearest_neighbors,waveform
,,8,nearest_neighbors,waveform
,,9,nearest_neighbors,waveform
,,10,nearest_neighbors,waveform
,,1,cv_glmnet,waveform
,,2,cv_glmnet,waveform
,,3,cv_glmnet,waveform
,,4,cv_glmnet,waveform
,,5,cv_glmnet,waveform
,,6,cv_glmnet,waveform
,,7,cv_glmnet,waveform
,,8,cv_glmnet,waveform
,,9,cv_glmnet,waveform
,,10,cv_glmnet,waveform
,,1,rpart,waveform
,,2,rpart,waveform
,,3,rpart,waveform
,,4,rpart,waveform
,,5,rpart,waveform
,,6,rpart,waveform
,,7,rpart,waveform
,,8,rpart,waveform
,,9,rpart,waveform
,,10,rpart,waveform
,,1,featureless,waveform
,,2,featureless,waveform
,,3,featureless,waveform
,,4,featureless,waveform
,,5,featureless,waveform
,,6,featureless,waveform
,,7,featureless,waveform
,,8,featureless,waveform
,,9,featureless,waveform
,,10,featureless,waveform
,,1,xgboost,zipUSPS
,,2,xgboost,zipUSPS
,,3,xgboost,zipUSPS
,,4,xgboost,zipUSPS
,,5,xgboost,zipUSPS
,,6,xgboost,zipUSPS
,,7,xgboost,zipUSPS
,,8,xgboost,zipUSPS
,,9,xgboost,zipUSPS
,,10,xgboost,zipUSPS
,,1,nearest_neighbors,zipUSPS
,,2,nearest_neighbors,zipUSPS
,,3,nearest_neighbors,zipUSPS
,,4,nearest_neighbors,zipUSPS
,,5,nearest_neighbors,zipUSPS
,,6,nearest_neighbors,zipUSPS
,,7,nearest_neighbors,zipUSPS
,,8,nearest_neighbors,zipUSPS
,,9,nearest_neighbors,zipUSPS
,,10,nearest_neighbors,zipUSPS
,,1,cv_glmnet,zipUSPS
,,2,cv_glmnet,zipUSPS
,,3,cv_glmnet,zipUSPS
,,4,cv_glmnet,zipUSPS
,,5,cv_glmnet,zipUSPS
,,6,cv_glmnet,zipUSPS
,,7,cv_glmnet,zipUSPS
,,8,cv_glmnet,zipUSPS
,,9,cv_glmnet,zipUSPS
,,10,cv_glmnet,zipUSPS
,,1,rpart,zipUSPS
,,2,rpart,zipUSPS
,,3,rpart,zipUSPS
,,4,rpart,zipUSPS
,,5,rpart,zipUSPS
,,6,rpart,zipUSPS
,,7,rpart,zipUSPS
,,8,rpart,zipUSPS
,,9,rpart,zipUSPS
,,10,rpart,zipUSPS
,,1,featureless,zipUSPS
,,2,featureless,zipUSPS
,,3,featureless,zipUSPS
,,4,featureless,zipUSPS
,,5,featureless,zipUSPS
,,6,featureless,zipUSPS
,,7,featureless,zipUSPS
,,8,featureless,zipUSPS
,,9,featureless,zipUSPS
,,10,featureless,zipUSPS
